id,matchId,league,kickoff,home,away,market,label,modelProb,odds,recordedAt,lockedAt,predictionHash,engineVersion,result,goalsHome,goalsAway
espn-401879291:1X2,espn-401879291,PL,2026-09-06T13:00Z,Everton,Manchester United,1X2_H,Victoire Everton,0.5419838032550909,2.089398018297099,2026-09-07T06:20:27.534Z,2026-10-06T15:59:15.700Z,,,lose,2,2
espn-401874768:1X2,espn-401874768,SA,2026-09-06T13:00Z,Frosinone,Venezia,1X2_H,Victoire Frosinone,0.7979149461380056,1.3227666500443067,2026-09-07T06:20:27.534Z,2026-10-06T15:59:15.700Z,,,win,3,2
espn-401874987:1X2,espn-401874987,SA,2026-09-06T13:00Z,Parma,Monza,1X2_A,Victoire Monza,0.4124689079565723,2.5132277593311536,2026-09-07T06:20:27.534Z,2026-10-06T15:59:15.700Z,,,lose,1,1
espn-401876467:1X2,espn-401876467,L1,2026-09-06T13:00Z,Troyes,Strasbourg,1X2_A,Victoire Strasbourg,0.6069318723057072,1.8095006222194647,2026-09-07T06:20:27.534Z,2026-10-06T15:59:15.700Z,,,win,2,6
espn-401884803:1X2,espn-401884803,BL,2026-09-06T13:30Z,Hamburg SV,Mainz,1X2_A,Victoire Mainz,0.841617863170341,1.1881877081755843,2026-09-07T06:20:27.534Z,2026-10-06T15:59:15.700Z,,,win,0,5
espn-401882888:1X2,espn-401882888,LL,2026-09-06T14:15Z,Valencia,Barcelona,1X2_A,Victoire Barcelona,0.8179157421005494,1.225428672088766,2026-09-07T06:20:27.534Z,2026-10-06T15:59:15.700Z,,,win,0,5
espn-401876475:1X2,espn-401876475,L1,2026-09-06T15:15Z,Angers,Stade Rennais,1X2_A,Victoire Stade Rennais,0.5607699217302925,1.9984942797950958,2026-09-07T06:20:27.534Z,2026-10-06T15:59:15.700Z,,,win,1,2
espn-401879292:1X2,espn-401879292,PL,2026-09-06T15:30Z,Arsenal,Chelsea,1X2_H,Victoire Arsenal,0.6175330295070496,1.7102866866476971,2026-09-07T06:20:27.534Z,2026-10-06T15:59:15.700Z,,,win,2,1
espn-401884805:1X2,espn-401884805,BL,2026-09-06T15:30Z,Eintracht Frankfurt,FC Augsburg,1X2_A,Victoire FC Augsburg,0.7735899833834216,1.3295515858552056,2026-09-07T06:20:27.534Z,2026-10-06T15:59:15.700Z,,,win,1,4
espn-401874751:1X2,espn-401874751,SA,2026-09-06T16:00Z,Bologna,Sassuolo,1X2_A,Victoire Sassuolo,0.5084809945322493,2.152753915758779,2026-09-07T06:20:27.534Z,2026-10-06T15:59:15.700Z,,,lose,2,2
espn-401882896:1X2,espn-401882896,LL,2026-09-06T16:30Z,Alavés,Osasuna,1X2_H,Victoire Alavés,0.7294461036257102,1.4899195133880172,2026-09-07T06:20:27.534Z,2026-10-06T15:59:15.700Z,,,win,5,2
espn-401882890:1X2,espn-401882890,LL,2026-09-06T16:30Z,Málaga,Levante,1X2_A,Victoire Levante,0.6487607550950698,1.5773613996012121,2026-09-07T06:20:27.534Z,2026-10-06T15:59:15.700Z,,,lose,0,0
espn-401874954:1X2,espn-401874954,SA,2026-09-06T18:45Z,Juventus,AC Milan,1X2_H,Victoire Juventus,0.41966331327684553,2.3330167698328035,2026-09-07T06:20:27.534Z,2026-10-06T15:59:15.700Z,,,lose,1,1
espn-401876471:1X2,espn-401876471,L1,2026-09-06T18:45Z,Marseille,Paris FC,1X2_A,Victoire Paris FC,0.5228785801319035,2.2503980884071835,2026-09-07T06:20:27.534Z,2026-10-06T15:59:15.700Z,,,win,2,3
espn-401882892:1X2,espn-401882892,LL,2026-09-06T19:00Z,Espanyol,Sevilla,1X2_H,Victoire Espanyol,0.3917907121389833,2.2839655169166146,2026-09-07T06:20:27.534Z,2026-10-06T15:59:15.700Z,,,lose,1,1
espn-401874943:1X2,espn-401874943,SA,2026-09-07T16:30Z,Cagliari,Lecce,1X2_H,Victoire Cagliari,0.5442653638391697,1.8329494701203528,2026-09-07T06:20:27.534Z,2026-10-06T15:59:15.700Z,,,win,1,0
espn-401882891:1X2,espn-401882891,LL,2026-09-07T17:00Z,Getafe,Celta Vigo,1X2_H,Victoire Getafe,0.3734097674505535,2.4653992909192923,2026-09-07T06:20:27.534Z,2026-10-06T15:59:15.701Z,,,lose,1,1
espn-401874962:1X2,espn-401874962,SA,2026-09-07T18:45Z,Udinese,Lazio,1X2_A,Victoire Lazio,0.5254558251173767,2.147027007064967,2026-09-07T06:20:27.534Z,2026-10-06T15:59:15.701Z,,,win,1,2
espn-401882893:1X2,espn-401882893,LL,2026-09-07T19:30Z,Elche,Real Sociedad,1X2_A,Victoire Real Sociedad,0.5626761644129377,1.8175249927925314,2026-09-07T06:20:27.534Z,2026-10-06T15:59:15.701Z,,,win,2,3
ub-1unionberlin|schalke04-2026-09-11:1X2,ub-1unionberlin|schalke04-2026-09-11,BL,2026-09-11T18:30:00Z,1. FC Union Berlin,FC Schalke 04,1X2_H,Victoire 1. FC Union Berlin,0.43290576094243627,2.25,2026-09-10T07:32:28.594Z,2026-10-06T15:59:15.701Z,,,,,
ub-venezia|fiorentina-2026-09-11:1X2,ub-venezia|fiorentina-2026-09-11,SA,2026-09-11T18:45:00Z,Venezia,Fiorentina,1X2_H,Victoire Venezia,0.4073995751256508,2.97,2026-09-10T07:32:28.594Z,2026-10-06T15:59:15.701Z,,,lose,2,4
espn-401876459:1X2,espn-401876459,,2026-09-11T18:45Z,Stade Rennais,Marseille,1X2_H,Victoire Stade Rennais,0.43137210495068623,0,2026-09-07T06:20:27.534Z,2026-10-06T15:59:15.701Z,,,win,1,0
ub-sevilla|valencia-2026-09-11:1X2,ub-sevilla|valencia-2026-09-11,LL,2026-09-11T19:00:00Z,Sevilla,Valencia,1X2_H,Victoire Sevilla,0.4431753739508187,2.05,2026-09-10T07:32:28.594Z,2026-10-06T15:59:15.701Z,,,win,1,0
ub-racingsantander|alaves-2026-09-12:1X2,ub-racingsantander|alaves-2026-09-12,LL,2026-09-12T12:00:00Z,Racing Santander,Alaves,1X2_H,Victoire Racing Santander,0.415563597820416,2.5,2026-09-10T07:32:28.594Z,2026-10-06T15:59:15.702Z,,,win,2,1
ub-genoa|frosinone-2026-09-12:1X2,ub-genoa|frosinone-2026-09-12,SA,2026-09-12T13:00:00Z,Genoa,Frosinone,1X2_H,Victoire Genoa,0.4284282598252845,2.14,2026-09-10T07:32:28.594Z,2026-10-06T15:59:15.702Z,,,lose,1,1
ub-borussiadortmund|paderborn07-2026-09-12:1X2,ub-borussiadortmund|paderborn07-2026-09-12,BL,2026-09-12T13:30:00Z,Borussia Dortmund,SC Paderborn 07,1X2_H,Victoire Borussia Dortmund,0.6560987918012903,1.21,2026-09-10T07:32:28.594Z,2026-10-06T15:59:15.702Z,,,win,3,0
ub-augsburg|bayerleverkusen-2026-09-12:1X2,ub-augsburg|bayerleverkusen-2026-09-12,BL,2026-09-12T13:30:00Z,FC Augsburg,Bayer Leverkusen,1X2_A,Victoire Bayer Leverkusen,0.49352214960135204,1.78,2026-09-10T07:32:28.594Z,2026-10-06T15:59:15.702Z,,,lose,2,2
espn-401884794:1X2,espn-401884794,,2026-09-12T13:30Z,Mainz,Eintracht Frankfurt,1X2_H,Victoire Mainz,0.4084625042110287,0,2026-09-07T06:20:27.534Z,2026-10-06T15:59:15.702Z,,,lose,1,3
ub-freiburg|borussiamonchengladbach-2026-09-12:1X2,ub-freiburg|borussiamonchengladbach-2026-09-12,BL,2026-09-12T13:30:00Z,SC Freiburg,Borussia Mönchengladbach,1X2_H,Victoire SC Freiburg,0.45464653114932285,1.66,2026-09-10T07:32:28.594Z,2026-10-06T15:59:15.702Z,,,win,5,0
ub-tsghoffenheim|vfbstuttgart-2026-09-12:1X2,ub-tsghoffenheim|vfbstuttgart-2026-09-12,BL,2026-09-12T13:30:00Z,TSG Hoffenheim,VfB Stuttgart,1X2_H,Victoire TSG Hoffenheim,0.4206373279221966,2.3,2026-09-10T07:32:28.594Z,2026-10-06T15:59:15.702Z,,,win,2,1
ub-bournemouth|brentford-2026-09-12:1X2,ub-bournemouth|brentford-2026-09-12,PL,2026-09-12T14:00:00Z,Bournemouth,Brentford,1X2_H,Victoire Bournemouth,0.4157512911267155,2.45,2026-09-10T07:32:28.594Z,2026-10-06T15:59:15.703Z,,,,,
ub-astonvilla|nottinghamforest-2026-09-12:1X2,ub-astonvilla|nottinghamforest-2026-09-12,PL,2026-09-12T14:00:00Z,Aston Villa,Nottingham Forest,1X2_H,Victoire Aston Villa,0.4483700119334543,2.25,2026-09-10T07:32:28.594Z,2026-10-06T15:59:15.703Z,,,lose,1,2
ub-chelsea|hullcity-2026-09-12:1X2,ub-chelsea|hullcity-2026-09-12,PL,2026-09-12T14:00:00Z,Chelsea,Hull City,1X2_H,Victoire Chelsea,0.6691835883377155,1.21,2026-09-10T07:32:28.594Z,2026-10-06T15:59:15.703Z,,,lose,2,2
ub-crystalpalace|ipswichtown-2026-09-12:1X2,ub-crystalpalace|ipswichtown-2026-09-12,PL,2026-09-12T14:00:00Z,Crystal Palace,Ipswich Town,1X2_H,Victoire Crystal Palace,0.4464142060847752,1.82,2026-09-10T07:32:28.594Z,2026-10-06T15:59:15.703Z,,,lose,2,3
ub-liverpool|fulham-2026-09-12:1X2,ub-liverpool|fulham-2026-09-12,PL,2026-09-12T14:00:00Z,Liverpool,Fulham,1X2_H,Victoire Liverpool,0.6421935261949485,1.41,2026-09-10T07:32:28.594Z,2026-10-06T15:59:15.703Z,,,lose,0,0
ub-osasuna|espanyol-2026-09-12:1X2,ub-osasuna|espanyol-2026-09-12,LL,2026-09-12T14:15:00Z,Osasuna,Espanyol,1X2_H,Victoire Osasuna,0.429183528583101,2.15,2026-09-10T07:32:28.594Z,2026-10-06T15:59:15.703Z,,,lose,0,2
ub-strasbourg|monaco-2026-09-12:1X2,ub-strasbourg|monaco-2026-09-12,L1,2026-09-12T15:15:00Z,Strasbourg,AS Monaco,1X2_H,Victoire Strasbourg,0.39678794694086567,3.15,2026-09-10T18:02:35.725Z,2026-10-06T15:59:15.703Z,,,lose,1,1
ub-lazio|milan-2026-09-12:1X2,ub-lazio|milan-2026-09-12,SA,2026-09-12T16:00:00Z,Lazio,AC Milan,1X2_A,Victoire AC Milan,0.4399300583686648,2.23,2026-09-10T07:32:28.594Z,2026-10-06T15:59:15.704Z,,,lose,2,2
espn-401879277:1X2,espn-401879277,,2026-09-12T16:30Z,Tottenham Hotspur,Everton,1X2_H,Victoire Tottenham Hotspur,0.4189656186227622,0,2026-09-07T06:20:27.534Z,2026-10-06T15:59:15.704Z,,,lose,0,0
espn-401882886:1X2,espn-401882886,,2026-09-12T16:30Z,Athletic Club,Elche,1X2_H,Victoire Athletic Club,0.4409757941749845,0,2026-09-07T06:20:27.534Z,2026-10-06T15:59:15.704Z,,,lose,1,1
espn-401884792:1X2,espn-401884792,,2026-09-12T16:30Z,FC Cologne,Werder Bremen,1X2_H,Victoire FC Cologne,0.4044818097511383,0,2026-09-07T06:20:27.534Z,2026-10-06T15:59:15.704Z,,,lose,1,1
ub-atalanta|cagliari-2026-09-12:1X2,ub-atalanta|cagliari-2026-09-12,SA,2026-09-12T18:45:00Z,Atalanta,Cagliari,1X2_H,Victoire Atalanta,0.5437161342485882,1.58,2026-09-10T07:32:28.594Z,2026-10-06T15:59:15.704Z,,,,,
espn-401876466:1X2,espn-401876466,,2026-09-12T18:45Z,AJ Auxerre,Nice,1X2_H,Victoire AJ Auxerre,0.39433991833271054,0,2026-09-07T06:20:27.534Z,2026-10-06T15:59:15.704Z,,,,,
ub-lehavre|angers-2026-09-12:1X2,ub-lehavre|angers-2026-09-12,L1,2026-09-12T18:45:00Z,Le Havre,Angers,1X2_H,Victoire Le Havre,0.41454538748331665,2.52,2026-09-10T07:32:28.594Z,2026-10-06T15:59:15.704Z,,,,,
ub-lorient|toulouse-2026-09-12:1X2,ub-lorient|toulouse-2026-09-12,L1,2026-09-12T18:45:00Z,Lorient,Toulouse,1X2_H,Victoire Lorient,0.41344082015858,2.55,2026-09-10T07:32:28.594Z,2026-10-06T15:59:15.704Z,,,,,
ub-paris|lyon-2026-09-12:1X2,ub-paris|lyon-2026-09-12,L1,2026-09-12T18:45:00Z,Paris FC,Lyon,1X2_H,Victoire Paris FC,0.42806862379183774,2.6,2026-09-10T07:32:28.594Z,2026-10-06T15:59:15.705Z,,,,,
ub-sunderland|arsenal-2026-09-12:1X2,ub-sunderland|arsenal-2026-09-12,PL,2026-09-12T19:00:00Z,Sunderland,Arsenal,1X2_A,Victoire Arsenal,0.6106648282086435,1.47,2026-09-10T07:32:28.594Z,2026-10-06T15:59:15.705Z,,,,,
ub-realmadrid|rayovallecano-2026-09-12:1X2,ub-realmadrid|rayovallecano-2026-09-12,LL,2026-09-12T19:00:00Z,Real Madrid,Rayo Vallecano,1X2_H,Victoire Real Madrid,0.8157098049029168,1.1,2026-09-10T07:32:28.594Z,2026-10-06T15:59:15.705Z,,,,,
ub-celtavigo|malaga-2026-09-13:1X2,ub-celtavigo|malaga-2026-09-13,LL,2026-09-13T12:00:00Z,Celta Vigo,Málaga,1X2_H,Victoire Celta Vigo,0.426333703970282,1.69,2026-09-10T07:32:28.594Z,2026-10-06T15:59:15.705Z,,,,,
espn-401879282:1X2,espn-401879282,,2026-09-13T13:00Z,Coventry City,Brighton & Hove Albion,1X2_A,Victoire Brighton & Hove Albion,0.7017056102851842,1.83,2026-09-07T06:20:27.534Z,2026-10-06T15:59:15.705Z,,,,,
ub-lecce|monza-2026-09-13:1X2,ub-lecce|monza-2026-09-13,SA,2026-09-13T13:00:00Z,Lecce,Monza,1X2_H,Victoire Lecce,0.3936062624567399,2.6,2026-09-10T07:32:28.594Z,2026-10-06T15:59:15.705Z,,,,,
ub-lille|troyes-2026-09-13:1X2,ub-lille|troyes-2026-09-13,L1,2026-09-13T13:00:00Z,Lille,Troyes,1X2_H,Victoire Lille,0.4613244663365666,1.42,2026-09-10T07:32:28.594Z,2026-10-06T15:59:15.705Z,,,,,
espn-401884798:1X2,espn-401884798,,2026-09-13T13:30Z,RB Leipzig,Hamburg SV,1X2_D,Match nul,0.12544779653864988,5,2026-09-07T06:20:27.534Z,2026-10-06T15:59:15.706Z,,,,,
espn-401882883:1X2,espn-401882883,,2026-09-13T14:15Z,Levante,Barcelona,1X2_H,Victoire Levante,0.24347324628304903,13,2026-09-07T06:20:27.534Z,2026-10-06T15:59:15.706Z,,,,,
ub-lemans|lens-2026-09-13:1X2,ub-lemans|lens-2026-09-13,L1,2026-09-13T15:15:00Z,Le Mans,Lens,1X2_A,Victoire Lens,0.39434325728596803,1.65,2026-09-10T07:32:28.594Z,2026-10-06T15:59:15.706Z,,,,,
ub-manchesterunited|manchestercity-2026-09-13:1X2,ub-manchesterunited|manchestercity-2026-09-13,PL,2026-09-13T15:30:00Z,Manchester United,Manchester City,1X2_A,Victoire Manchester City,0.5531697537903386,2.14,2026-09-10T07:32:28.594Z,2026-10-06T15:59:15.706Z,,,,,
ub-elversberg|bayernmunich-2026-09-13:1X2,ub-elversberg|bayernmunich-2026-09-13,BL,2026-09-13T15:30:00Z,Elversberg,Bayern Munich,1X2_A,Victoire Bayern Munich,0.7145654166358502,1.14,2026-09-10T07:32:28.594Z,2026-10-06T15:59:15.706Z,,,,,
ub-napoli|bologna-2026-09-13:1X2,ub-napoli|bologna-2026-09-13,SA,2026-09-13T16:00:00Z,Napoli,Bologna,1X2_H,Victoire Napoli,0.4859328966966125,1.77,2026-09-10T07:32:28.594Z,2026-10-06T15:59:15.706Z,,,,,
espn-401882884:1X2,espn-401882884,,2026-09-13T16:30Z,Getafe,Deportivo,1X2_A,Victoire Deportivo,0.5679909664040695,3.35,2026-09-07T06:20:27.534Z,2026-10-06T15:59:15.706Z,,,,,
ub-sassuolo|juventus-2026-09-13:1X2,ub-sassuolo|juventus-2026-09-13,SA,2026-09-13T18:45:00Z,Sassuolo,Juventus,1X2_A,Victoire Juventus,0.44913593468502266,1.65,2026-09-10T07:32:28.594Z,2026-10-06T15:59:15.706Z,,,,,
espn-401876465:1X2,espn-401876465,,2026-09-13T18:45Z,Brest,Paris Saint-Germain,1X2_H,Victoire Brest,0.22983668134049212,9,2026-09-07T06:20:27.534Z,2026-10-06T15:59:15.707Z,,,,,
ub-realsociedad|atleticomadrid-2026-09-13:1X2,ub-realsociedad|atleticomadrid-2026-09-13,LL,2026-09-13T19:00:00Z,Real Sociedad,Atlético Madrid,1X2_A,Victoire Atlético Madrid,0.4346519952623051,2.38,2026-09-10T07:32:28.594Z,2026-10-06T15:59:15.707Z,,,,,
ub-como|parma-2026-09-14:1X2,ub-como|parma-2026-09-14,SA,2026-09-14T16:30:00Z,Como,Parma,1X2_H,Victoire Como,0.4606598186730672,1.21,2026-09-10T07:32:28.594Z,2026-10-06T15:59:15.707Z,,,,,
ub-torino|roma-2026-09-14:1X2,ub-torino|roma-2026-09-14,SA,2026-09-14T16:30:00Z,Torino,Roma,1X2_A,Victoire Roma,0.40055411260159773,1.54,2026-09-10T07:32:28.594Z,2026-10-06T15:59:15.707Z,,,,,
espn-401874966:1X2,espn-401874966,,2026-09-14T18:45Z,Internazionale,Udinese,1X2_A,Victoire Udinese,0.16429812456067633,9.75,2026-09-07T06:20:27.534Z,2026-10-06T15:59:15.707Z,,,,,
ub-leedsunited|newcastleunited-2026-09-14:1X2,ub-leedsunited|newcastleunited-2026-09-14,PL,2026-09-14T19:00:00Z,Leeds United,Newcastle United,1X2_A,Victoire Newcastle United,0.38350255198588173,3,2026-09-10T07:32:28.594Z,2026-10-06T15:59:15.707Z,,,,,
ub-villarreal|realbetis-2026-09-14:1X2,ub-villarreal|realbetis-2026-09-14,LL,2026-09-14T19:00:00Z,Villarreal,Real Betis,1X2_H,Victoire Villarreal,0.4134313460639024,1.87,2026-09-10T07:32:28.594Z,2026-10-06T15:59:15.707Z,,,,,
ub-rayovallecano|espanyol-2026-09-15:1X2,ub-rayovallecano|espanyol-2026-09-15,LL,2026-09-15T17:00:00Z,Rayo Vallecano,Espanyol,1X2_H,Victoire Rayo Vallecano,0.4106663374105545,2.02,2026-09-10T07:32:28.594Z,2026-10-06T15:59:15.708Z,,,,,
ub-alaves|valencia-2026-09-15:1X2,ub-alaves|valencia-2026-09-15,LL,2026-09-15T18:00:00Z,Alaves,Valencia,1X2_H,Victoire Alaves,0.4130497385603192,1.97,2026-09-10T07:32:28.594Z,2026-10-06T15:59:15.708Z,,,,,
ub-elche|realmadrid-2026-09-15:1X2,ub-elche|realmadrid-2026-09-15,LL,2026-09-15T19:30:00Z,Elche,Real Madrid,1X2_A,Victoire Real Madrid,0.564436637004782,1.3,2026-09-10T07:32:28.594Z,2026-10-06T15:59:15.708Z,,,,,
hist:espn-401882923:1X2,espn-401882923,LL,2026-08-17T19:00Z,Deportivo,Elche,1X2_H,1 — Domicile,0.7034838531158429,1.369114360388011,2026-08-17T19:00Z,2026-10-06T15:59:15.711Z,,,lose,1,1
hist:espn-401882925:1X2,espn-401882925,LL,2026-08-19T19:00Z,Atlético de Madrid,Málaga,1X2_H,1 — Domicile,0.661091191871224,1.4181048093141884,2026-08-19T19:00Z,2026-10-06T15:59:15.711Z,,,win,2,0
hist:espn-401882908:1X2,espn-401882908,LL,2026-08-20T19:00Z,Rayo Vallecano,Alavés,1X2_A,2 — Extérieur,0.6338228426864277,1.501477696520869,2026-08-20T19:00Z,2026-10-06T15:59:15.711Z,,,lose,1,1
hist:espn-401876489:1X2,espn-401876489,L1,2026-08-21T18:45Z,Marseille,Strasbourg,1X2_H,1 — Domicile,0.39569183023793586,2.105563681868915,2026-08-21T18:45Z,2026-10-06T15:59:15.711Z,,,win,4,0
hist:espn-401879301:1X2,espn-401879301,PL,2026-08-21T19:00Z,Arsenal,Coventry City,1X2_H,1 — Domicile,0.7747896736807378,1.2906728548011897,2026-08-21T19:00Z,2026-10-06T15:59:15.711Z,,,win,3,0
hist:espn-401882914:1X2,espn-401882914,LL,2026-08-21T19:00Z,Real Betis,Real Sociedad,1X2_H,1 — Domicile,0.45673721945321205,2.393496437775332,2026-08-21T19:00Z,2026-10-06T15:59:15.711Z,,,win,1,0
hist:espn-401879322:1X2,espn-401879322,PL,2026-08-22T11:30Z,Hull City,Manchester United,1X2_H,1 — Domicile,0.525487230940921,1.89946471681086,2026-08-22T11:30Z,2026-10-06T15:59:15.711Z,,,win,2,0
hist:espn-401879300:1X2,espn-401879300,PL,2026-08-22T14:00Z,Everton,Crystal Palace,1X2_H,1 — Domicile,0.6221081718752097,1.4810048915024894,2026-08-22T14:00Z,2026-10-06T15:59:15.711Z,,,win,2,0
hist:espn-401879299:1X2,espn-401879299,PL,2026-08-22T14:00Z,Ipswich Town,Sunderland,1X2_A,2 — Extérieur,0.4141033537907829,2.0700290520278632,2026-08-22T14:00Z,2026-10-06T15:59:15.711Z,,,lose,2,1
hist:espn-401879298:1X2,espn-401879298,PL,2026-08-22T14:00Z,Nottingham Forest,Leeds United,1X2_D,X — Nul,0.31578883342267633,3.1874257124432614,2026-08-22T14:00Z,2026-10-06T15:59:15.711Z,,,lose,0,1
hist:espn-401882916:1X2,espn-401882916,LL,2026-08-22T15:00Z,Athletic Club,Sevilla,1X2_H,1 — Domicile,0.3920219679367776,2.1766490466621558,2026-08-22T15:00Z,2026-10-06T15:59:15.711Z,,,lose,1,3
hist:espn-401876490:1X2,espn-401876490,L1,2026-08-22T15:15Z,Lens,AJ Auxerre,1X2_H,1 — Domicile,0.6341304867826084,1.4852210230447171,2026-08-22T15:15Z,2026-10-06T15:59:15.711Z,,,win,5,2
hist:espn-401879321:1X2,espn-401879321,PL,2026-08-22T16:30Z,Brentford,Tottenham Hotspur,1X2_H,1 — Domicile,0.5355617709147423,1.9123779769781255,2026-08-22T16:30Z,2026-10-06T15:59:15.711Z,,,win,3,0
hist:espn-401874931:1X2,espn-401874931,SA,2026-08-22T16:30Z,Internazionale,Monza,1X2_H,1 — Domicile,0.7332544118816797,1.227448292982424,2026-08-22T16:30Z,2026-10-06T15:59:15.711Z,,,win,4,1
hist:espn-401874745:1X2,espn-401874745,SA,2026-08-22T16:30Z,Udinese,Como,1X2_A,2 — Extérieur,0.5034402272647441,1.9145938486657559,2026-08-22T16:30Z,2026-10-06T15:59:15.711Z,,,lose,1,1
hist:espn-401882907:1X2,espn-401882907,LL,2026-08-22T17:30Z,Valencia,Celta Vigo,1X2_D,X — Nul,0.307671559764919,3.184133078594853,2026-08-22T17:30Z,2026-10-06T15:59:15.711Z,,,win,0,0
hist:espn-401874929:1X2,espn-401874929,SA,2026-08-22T18:45Z,Genoa,Napoli,1X2_A,2 — Extérieur,0.6376033574244007,1.3963319612568497,2026-08-22T18:45Z,2026-10-06T15:59:15.711Z,,,win,0,2
hist:espn-401874747:1X2,espn-401874747,SA,2026-08-22T18:45Z,Parma,Cagliari,1X2_A,2 — Extérieur,0.42783468260382107,2.094234057419342,2026-08-22T18:45Z,2026-10-06T15:59:15.711Z,,,win,0,1
hist:espn-401876491:1X2,espn-401876491,L1,2026-08-22T18:45Z,Le Mans,Brest,1X2_A,2 — Extérieur,0.43256902650339213,2.2999613518643085,2026-08-22T18:45Z,2026-10-06T15:59:15.711Z,,,lose,2,2
hist:espn-401876488:1X2,espn-401876488,L1,2026-08-22T18:45Z,Nice,Lorient,1X2_D,X — Nul,0.3278124367027399,3.0756697083417297,2026-08-22T18:45Z,2026-10-06T15:59:15.711Z,,,win,0,0
hist:espn-401876486:1X2,espn-401876486,L1,2026-08-22T18:45Z,Toulouse,Lyon,1X2_A,2 — Extérieur,0.4594511020754196,1.9924615371712198,2026-08-22T18:45Z,2026-10-06T15:59:15.711Z,,,win,0,2
hist:espn-401876485:1X2,espn-401876485,L1,2026-08-22T18:45Z,Troyes,Paris FC,1X2_A,2 — Extérieur,0.574946496248903,1.6173232084258604,2026-08-22T18:45Z,2026-10-06T15:59:15.711Z,,,lose,0,0
hist:espn-401882912:1X2,espn-401882912,LL,2026-08-22T19:30Z,Espanyol,Real Madrid,1X2_A,2 — Extérieur,0.5131622284037706,1.7124889129685625,2026-08-22T19:30Z,2026-10-06T15:59:15.711Z,,,win,1,2
hist:espn-401879297:1X2,espn-401879297,PL,2026-08-23T13:00Z,Brighton & Hove Albion,Aston Villa,1X2_H,1 — Domicile,0.5007255371988798,1.9267878105982676,2026-08-23T13:00Z,2026-10-06T15:59:15.711Z,,,win,4,0
hist:espn-401879320:1X2,espn-401879320,PL,2026-08-23T13:00Z,Manchester City,AFC Bournemouth,1X2_H,1 — Domicile,0.6730269599695855,1.4041915695296217,2026-08-23T13:00Z,2026-10-06T15:59:15.711Z,,,win,2,1
hist:espn-401876493:1X2,espn-401876493,L1,2026-08-23T13:00Z,Angers,Lille,1X2_A,2 — Extérieur,0.4124484858372545,2.0296549967100197,2026-08-23T13:00Z,2026-10-06T15:59:15.711Z,,,win,0,2
hist:espn-401882915:1X2,espn-401882915,LL,2026-08-23T15:00Z,Atlético de Madrid,Villarreal,1X2_H,1 — Domicile,0.5102816077153723,1.8665193097676787,2026-08-23T15:00Z,2026-10-06T15:59:15.711Z,,,lose,2,2
hist:espn-401876492:1X2,espn-401876492,L1,2026-08-23T15:15Z,Le Havre AC,AS Monaco,1X2_A,2 — Extérieur,0.605248561329345,1.6267153747963592,2026-08-23T15:15Z,2026-10-06T15:59:15.711Z,,,win,0,1
hist:espn-401879319:1X2,espn-401879319,PL,2026-08-23T15:30Z,Newcastle United,Liverpool,1X2_A,2 — Extérieur,0.4269475373692055,2.232082182424819,2026-08-23T15:30Z,2026-10-06T15:59:15.711Z,,,lose,2,2
hist:espn-401874930:1X2,espn-401874930,SA,2026-08-23T16:30Z,Frosinone,Juventus,1X2_D,X — Nul,0.2620222941876521,3.5885322805982636,2026-08-23T16:30Z,2026-10-06T15:59:15.711Z,,,lose,0,1
hist:espn-401874946:1X2,espn-401874946,SA,2026-08-23T16:30Z,Venezia,Lecce,1X2_D,X — Nul,0.277488495078056,3.626368541527129,2026-08-23T16:30Z,2026-10-06T15:59:15.711Z,,,lose,0,2
hist:espn-401882911:1X2,espn-401882911,LL,2026-08-23T17:30Z,Getafe,Racing Santander,1X2_A,2 — Extérieur,0.4757715287050712,2.3182523276251876,2026-08-23T17:30Z,2026-10-06T15:59:15.711Z,,,lose,1,0
hist:espn-401874748:1X2,espn-401874748,SA,2026-08-23T18:45Z,Atalanta,Sassuolo,1X2_H,1 — Domicile,0.606541486337842,1.752413343270769,2026-08-23T18:45Z,2026-10-06T15:59:15.711Z,,,win,2,1
hist:espn-401874932:1X2,espn-401874932,SA,2026-08-23T18:45Z,Torino,AC Milan,1X2_A,2 — Extérieur,0.5384624212928907,1.8755862361090159,2026-08-23T18:45Z,2026-10-06T15:59:15.711Z,,,win,1,2
hist:espn-401876487:1X2,espn-401876487,L1,2026-08-23T18:45Z,Stade Rennais,Paris Saint-Germain,1X2_A,2 — Extérieur,0.5167122397708048,1.8645086318180446,2026-08-23T18:45Z,2026-10-06T15:59:15.711Z,,,lose,2,2
hist:espn-401882913:1X2,espn-401882913,LL,2026-08-23T19:30Z,Elche,Barcelona,1X2_A,2 — Extérieur,0.8486389729746809,1.2558221951306987,2026-08-23T19:30Z,2026-10-06T15:59:15.711Z,,,win,0,5
hist:espn-401874927:1X2,espn-401874927,SA,2026-08-24T16:30Z,Bologna,Lazio,1X2_A,2 — Extérieur,0.6513578024120168,1.8512570886686863,2026-08-24T16:30Z,2026-10-06T15:59:15.711Z,,,win,0,1
hist:espn-401882909:1X2,espn-401882909,LL,2026-08-24T17:30Z,Osasuna,Levante,1X2_A,2 — Extérieur,0.4858350687631535,1.9870952299197493,2026-08-24T17:30Z,2026-10-06T15:59:15.711Z,,,lose,0,0
hist:espn-401874928:1X2,espn-401874928,SA,2026-08-24T18:45Z,AS Roma,Fiorentina,1X2_H,1 — Domicile,0.9392174904886381,1.064716117541358,2026-08-24T18:45Z,2026-10-06T15:59:15.711Z,,,win,4,0
hist:espn-401879318:1X2,espn-401879318,PL,2026-08-24T19:00Z,Fulham,Chelsea,1X2_A,2 — Extérieur,0.6432989866767177,1.6968001051371489,2026-08-24T19:00Z,2026-10-06T15:59:15.711Z,,,win,2,3
hist:espn-401882910:1X2,espn-401882910,LL,2026-08-24T19:30Z,Málaga,Deportivo,1X2_A,2 — Extérieur,0.7424955949864052,1.6190666700926621,2026-08-24T19:30Z,2026-10-06T15:59:15.711Z,,,lose,1,1
hist:espn-401882917:1X2,espn-401882917,LL,2026-08-25T19:00Z,Valencia,Real Betis,1X2_A,2 — Extérieur,0.7281836989568962,1.6387906811925397,2026-08-25T19:00Z,2026-10-06T15:59:15.711Z,,,win,0,1
hist:espn-401882919:1X2,espn-401882919,LL,2026-08-26T19:00Z,Real Madrid,Real Sociedad,1X2_H,1 — Domicile,0.7225659732451473,1.5983153735866376,2026-08-26T19:00Z,2026-10-06T15:59:15.711Z,,,win,4,1
hist:espn-401882924:1X2,espn-401882924,LL,2026-08-27T18:30Z,Celta Vigo,Osasuna,1X2_A,2 — Extérieur,0.4573642051389617,2.4313280099146586,2026-08-27T18:30Z,2026-10-06T15:59:15.711Z,,,win,1,2
hist:espn-401882921:1X2,espn-401882921,LL,2026-08-27T19:00Z,Barcelona,Athletic Club,1X2_H,1 — Domicile,0.7115959329809988,1.6057620976623086,2026-08-27T19:00Z,2026-10-06T15:59:15.711Z,,,win,2,0
hist:espn-401882900:1X2,espn-401882900,LL,2026-08-28T17:00Z,Racing Santander,Elche,1X2_H,1 — Domicile,0.7113379354268149,1.5866533302763077,2026-08-28T17:00Z,2026-10-06T15:59:15.711Z,,,win,3,2
hist:espn-401884817:1X2,espn-401884817,BL,2026-08-28T18:30Z,Bayern Munich,VfB Stuttgart,1X2_H,1 — Domicile,0.8033376839257573,1.2540236547300714,2026-08-28T18:30Z,2026-10-06T15:59:15.711Z,,,win,5,1
hist:espn-401874758:1X2,espn-401874758,SA,2026-08-28T18:45Z,AC Milan,Venezia,1X2_H,1 — Domicile,0.8264995574318463,1.3180457393958724,2026-08-28T18:45Z,2026-10-06T15:59:15.711Z,,,win,2,0
hist:espn-401879294:1X2,espn-401879294,PL,2026-08-28T19:00Z,Crystal Palace,Manchester City,1X2_A,2 — Extérieur,0.7703104431852446,1.3442479477253053,2026-08-28T19:00Z,2026-10-06T15:59:15.711Z,,,win,1,4
hist:espn-401876476:1X2,espn-401876476,L1,2026-08-28T19:00Z,Lille,Paris Saint-Germain,1X2_A,2 — Extérieur,0.5331259341073099,2.145650250651782,2026-08-28T19:00Z,2026-10-06T15:59:15.711Z,,,lose,2,2
hist:espn-401882906:1X2,espn-401882906,LL,2026-08-28T19:30Z,Alavés,Villarreal,1X2_H,1 — Domicile,0.7464816071321979,1.668456532600786,2026-08-28T19:30Z,2026-10-06T15:59:15.711Z,,,win,1,0
hist:espn-401879314:1X2,espn-401879314,PL,2026-08-29T11:30Z,Liverpool,Nottingham Forest,1X2_H,1 — Domicile,0.75415758928543,1.5056565304355694,2026-08-29T11:30Z,2026-10-06T15:59:15.711Z,,,lose,2,2
hist:espn-401884811:1X2,espn-401884811,BL,2026-08-29T13:30Z,1. FC Union Berlin,Eintracht Frankfurt,1X2_H,1 — Domicile,0.41836807181939223,2.2259870082226625,2026-08-29T13:30Z,2026-10-06T15:59:15.711Z,,,lose,3,3
hist:espn-401884810:1X2,espn-401884810,BL,2026-08-29T13:30Z,FC Cologne,TSG Hoffenheim,1X2_H,1 — Domicile,0.5559558396847896,2.05318605575287,2026-08-29T13:30Z,2026-10-06T15:59:15.711Z,,,win,3,2
hist:espn-401884812:1X2,espn-401884812,BL,2026-08-29T13:30Z,Mainz,SC Paderborn 07,1X2_H,1 — Domicile,0.7396023143623145,1.4576043685629716,2026-08-29T13:30Z,2026-10-06T15:59:15.711Z,,,lose,0,0
hist:espn-401884815:1X2,espn-401884815,BL,2026-08-29T13:30Z,RB Leipzig,Borussia Mönchengladbach,1X2_H,1 — Domicile,0.7592859618247955,1.4176809664016812,2026-08-29T13:30Z,2026-10-06T15:59:15.711Z,,,win,3,0
hist:espn-401884809:1X2,espn-401884809,BL,2026-08-29T13:30Z,SV Elversberg,Bayer Leverkusen,1X2_H,1 — Domicile,0.4709091158511602,2.505452889478848,2026-08-29T13:30Z,2026-10-06T15:59:15.711Z,,,win,3,2
hist:espn-401879296:1X2,espn-401879296,PL,2026-08-29T14:00Z,AFC Bournemouth,Everton,1X2_A,2 — Extérieur,0.49431703964561374,2.128398763176281,2026-08-29T14:00Z,2026-10-06T15:59:15.711Z,,,lose,1,1
hist:espn-401879316:1X2,espn-401879316,PL,2026-08-29T14:00Z,Coventry City,Hull City,1X2_A,2 — Extérieur,0.689906941221891,1.5551978634710897,2026-08-29T14:00Z,2026-10-06T15:59:15.711Z,,,win,0,1
hist:espn-401882902:1X2,espn-401882902,LL,2026-08-29T15:00Z,Levante,Real Betis,1X2_H,1 — Domicile,0.5428428442113223,1.8726416432645485,2026-08-29T15:00Z,2026-10-06T15:59:15.711Z,,,win,5,2
hist:espn-401876477:1X2,espn-401876477,L1,2026-08-29T15:15Z,Strasbourg,Lens,1X2_H,1 — Domicile,0.5782976421979303,1.986165439842873,2026-08-29T15:15Z,2026-10-06T15:59:15.711Z,,,win,2,1
hist:espn-401879312:1X2,espn-401879312,PL,2026-08-29T16:30Z,Tottenham Hotspur,Newcastle United,1X2_H,1 — Domicile,0.4699886062691997,2.5149972519804105,2026-08-29T16:30Z,2026-10-06T15:59:15.711Z,,,lose,0,2
hist:espn-401884816:1X2,espn-401884816,BL,2026-08-29T16:30Z,Borussia Dortmund,Hamburg SV,1X2_H,1 — Domicile,0.7382026421447064,1.216419330030597,2026-08-29T16:30Z,2026-10-06T15:59:15.711Z,,,win,2,0
hist:espn-401874942:1X2,espn-401874942,SA,2026-08-29T16:30Z,Fiorentina,Frosinone,1X2_A,2 — Extérieur,0.6892588926587019,1.35490240019568,2026-08-29T16:30Z,2026-10-06T15:59:15.711Z,,,win,0,3
hist:espn-401874749:1X2,espn-401874749,SA,2026-08-29T16:30Z,Monza,Udinese,1X2_A,2 — Extérieur,0.47553841892367216,1.9273456373259015,2026-08-29T16:30Z,2026-10-06T15:59:15.711Z,,,win,2,3
hist:espn-401874743:1X2,espn-401874743,SA,2026-08-29T16:30Z,Sassuolo,Torino,1X2_H,1 — Domicile,0.499996231185741,1.8956068487396835,2026-08-29T16:30Z,2026-10-06T15:59:15.711Z,,,win,2,1
hist:espn-401882898:1X2,espn-401882898,LL,2026-08-29T17:00Z,Real Sociedad,Espanyol,1X2_D,X — Nul,0.27235073705974433,3.5901668682437653,2026-08-29T17:00Z,2026-10-06T15:59:15.711Z,,,lose,2,1
hist:espn-401874746:1X2,espn-401874746,SA,2026-08-29T18:45Z,Juventus,Parma,1X2_H,1 — Domicile,0.612569178056255,1.5092093089799572,2026-08-29T18:45Z,2026-10-06T15:59:15.711Z,,,win,2,0
hist:espn-401876484:1X2,espn-401876484,L1,2026-08-29T18:45Z,AJ Auxerre,Angers,1X2_A,Victoire Angers,0.4295923652993679,2.136431974017393,2026-08-29T18:45Z,2026-10-06T15:59:15.711Z,,,win,1,3
hist:espn-401876483:1X2,espn-401876483,L1,2026-08-29T18:45Z,Brest,Toulouse,1X2_H,Victoire Brest,0.6254994810519363,1.6560606982614208,2026-08-29T18:45Z,2026-10-06T15:59:15.711Z,,,lose,2,2
hist:espn-401876482:1X2,espn-401876482,L1,2026-08-29T18:45Z,Lorient,Troyes,1X2_H,Victoire Lorient,0.44782134605027185,2.0012419925783367,2026-08-29T18:45Z,2026-10-06T15:59:15.711Z,,,lose,1,2
hist:espn-401876481:1X2,espn-401876481,L1,2026-08-29T18:45Z,Lyon,Le Havre AC,1X2_H,Victoire Lyon,0.5240358455536863,1.7526260181537245,2026-08-29T18:45Z,2026-10-06T15:59:15.711Z,,,lose,1,1
hist:espn-401882897:1X2,espn-401882897,LL,2026-08-29T19:30Z,Sevilla,Atlético de Madrid,1X2_A,Victoire Atlético de Madrid,0.3939827986393213,2.0634282900960477,2026-08-29T19:30Z,2026-10-06T15:59:15.711Z,,,win,1,3
hist:espn-401879317:1X2,espn-401879317,PL,2026-08-30T13:00Z,Chelsea,Brighton & Hove Albion,1X2_H,Victoire Chelsea,0.42457798490353854,2.1034146287795594,2026-08-30T13:00Z,2026-10-06T15:59:15.711Z,,,win,4,3
hist:espn-401879315:1X2,espn-401879315,PL,2026-08-30T13:00Z,Leeds United,Brentford,1X2_A,Victoire Brentford,0.3871769751630486,2.390611754109806,2026-08-30T13:00Z,2026-10-06T15:59:15.711Z,,,lose,1,1
hist:espn-401879313:1X2,espn-401879313,PL,2026-08-30T13:00Z,Sunderland,Fulham,1X2_H,Victoire Sunderland,0.5378067493997731,1.7797719201316955,2026-08-30T13:00Z,2026-10-06T15:59:15.711Z,,,win,1,0
hist:espn-401876479:1X2,espn-401876479,L1,2026-08-30T13:00Z,Paris FC,Nice,1X2_H,Victoire Paris FC,0.6767187420723105,1.4802563142316598,2026-08-30T13:00Z,2026-10-06T15:59:15.711Z,,,win,3,0
hist:espn-401884814:1X2,espn-401884814,BL,2026-08-30T13:30Z,SC Freiburg,Werder Bremen,1X2_H,Victoire SC Freiburg,0.7163401738770453,1.2781737563476678,2026-08-30T13:30Z,2026-10-06T15:59:15.711Z,,,win,4,1
hist:espn-401882899:1X2,espn-401882899,LL,2026-08-30T15:00Z,Real Madrid,Málaga,1X2_H,Victoire Real Madrid,0.759080043369991,1.2229286892448965,2026-08-30T15:00Z,2026-10-06T15:59:15.711Z,,,win,4,0
hist:espn-401876478:1X2,espn-401876478,L1,2026-08-30T15:15Z,Stade Rennais,Le Mans,1X2_H,Victoire Stade Rennais,0.595801335668513,1.700510847094988,2026-08-30T15:15Z,2026-10-06T15:59:15.711Z,,,win,3,2
hist:espn-401879293:1X2,espn-401879293,PL,2026-08-30T15:30Z,Manchester United,Ipswich Town,1X2_H,Victoire Manchester United,0.5380515666024771,1.6143962740303603,2026-08-30T15:30Z,2026-10-06T15:59:15.711Z,,,win,5,2
hist:espn-401884813:1X2,espn-401884813,BL,2026-08-30T15:30Z,FC Augsburg,Schalke 04,1X2_H,Victoire FC Augsburg,0.7748161148485901,1.2906288096439682,2026-08-30T15:30Z,2026-10-06T15:59:15.711Z,,,win,3,0
hist:espn-401874755:1X2,espn-401874755,SA,2026-08-30T16:30Z,Napoli,Como,1X2_A,Victoire Como,0.41852097001362754,2.3992365588049878,2026-08-30T16:30Z,2026-10-06T15:59:15.711Z,,,win,1,2
hist:espn-401882904:1X2,espn-401882904,LL,2026-08-30T17:30Z,Deportivo,Valencia,1X2_H,Victoire Deportivo,0.7439171755634753,1.310984593886644,2026-08-30T17:30Z,2026-10-06T15:59:15.711Z,,,win,3,1
hist:espn-401874938:1X2,espn-401874938,SA,2026-08-30T18:45Z,Cagliari,Internazionale,1X2_A,Victoire Internazionale,0.43237623508371836,1.9708321939383502,2026-08-30T18:45Z,2026-10-06T15:59:15.711Z,,,win,0,1
hist:espn-401874742:1X2,espn-401874742,SA,2026-08-30T18:45Z,Lazio,Genoa,1X2_H,Victoire Lazio,0.7348887586074823,1.2989524760731046,2026-08-30T18:45Z,2026-10-06T15:59:15.711Z,,,win,1,0
hist:espn-401876480:1X2,espn-401876480,L1,2026-08-30T18:45Z,AS Monaco,Marseille,1X2_H,Victoire AS Monaco,0.5800402940320466,1.7955341413664414,2026-08-30T18:45Z,2026-10-06T15:59:15.711Z,,,win,2,0
hist:espn-401882905:1X2,espn-401882905,LL,2026-08-30T19:30Z,Celta Vigo,Athletic Club,1X2_A,Victoire Athletic Club,0.4158824082939485,2.1689530846077334,2026-08-30T19:30Z,2026-10-06T15:59:15.711Z,,,win,0,2
hist:espn-401874945:1X2,espn-401874945,SA,2026-08-31T16:30Z,Lecce,AS Roma,1X2_A,Victoire AS Roma,0.7048272307077778,1.313569707036295,2026-08-31T16:30Z,2026-10-06T15:59:15.711Z,,,win,0,4
hist:espn-401882901:1X2,espn-401882901,LL,2026-08-31T17:30Z,Osasuna,Getafe,1X2_H,Victoire Osasuna,0.5091494233023807,2.0448146455385046,2026-08-31T17:30Z,2026-10-06T15:59:15.711Z,,,win,1,0
hist:espn-401874970:1X2,espn-401874970,SA,2026-08-31T18:45Z,Atalanta,Bologna,1X2_H,Victoire Atalanta,0.6013263977447497,1.5464790622982008,2026-08-31T18:45Z,2026-10-06T15:59:15.711Z,,,win,1,0
hist:espn-401879295:1X2,espn-401879295,PL,2026-08-31T19:00Z,Aston Villa,Arsenal,1X2_A,Victoire Arsenal,0.5158149824644362,1.708729935534295,2026-08-31T19:00Z,2026-10-06T15:59:15.711Z,,,win,0,1
hist:espn-401882903:1X2,espn-401882903,LL,2026-08-31T19:30Z,Barcelona,Rayo Vallecano,1X2_H,Victoire Barcelona,0.7194607555001785,1.2365379098944065,2026-08-31T19:30Z,2026-10-06T15:59:15.711Z,,,win,5,2
hist:espn-401876468:1X2,espn-401876468,L1,2026-09-03T18:45Z,Toulouse,Lille,1X2_A,Victoire Lille,0.4772990168190617,1.9145017033770866,2026-09-03T18:45Z,2026-10-06T15:59:15.711Z,,,win,0,1
hist:espn-401882867:1X2,espn-401882867,LL,2026-09-03T19:00Z,Real Sociedad,Celta Vigo,1X2_H,Victoire Real Sociedad,0.4817687904712604,1.9241715561447081,2026-09-03T19:00Z,2026-10-06T15:59:15.711Z,,,lose,0,0
hist:espn-401876472:1X2,espn-401876472,L1,2026-09-04T17:00Z,Lyon,AJ Auxerre,1X2_H,Victoire Lyon,0.5761407800979479,1.5339624160464547,2026-09-04T17:00Z,2026-10-06T15:59:15.711Z,,,win,3,1
espn-401884808:1X2,espn-401884808,BL,2026-09-04T18:30Z,VfB Stuttgart,FC Cologne,1X2_H,1 — Domicile,0.47928591567142315,1.7902821685734436,2026-09-08T17:22:12.296Z,2026-10-06T15:59:15.711Z,,,win,4,1
espn-401874744:1X2,espn-401874744,SA,2026-09-04T18:45Z,Genoa,Como,1X2_A,2 — Extérieur,0.6630174165496702,1.2917507921289748,2026-09-08T17:22:12.296Z,2026-10-06T15:59:15.711Z,,,win,1,4
espn-401879288:1X2,espn-401879288,PL,2026-09-04T19:00Z,Ipswich Town,Liverpool,1X2_A,2 — Extérieur,0.5506875370256882,1.4515789453711596,2026-09-08T17:22:12.296Z,2026-10-06T15:59:15.711Z,,,win,0,2
espn-401882894:1X2,espn-401882894,LL,2026-09-04T19:00Z,Real Betis,Real Madrid,1X2_D,X — Nul,0.2740275463519184,4.221258562156728,2026-09-08T17:22:12.296Z,2026-10-06T15:59:15.711Z,,,lose,1,0
espn-401876469:1X2,espn-401876469,L1,2026-09-04T19:05Z,Paris Saint-Germain,AS Monaco,1X2_D,X — Nul,0.30229131274927895,3.692753024197458,2026-09-08T17:22:12.296Z,2026-10-06T15:59:15.712Z,,,lose,1,2
espn-401879286:1X2,espn-401879286,PL,2026-09-05T11:30Z,Newcastle United,AFC Bournemouth,1X2_H,1 — Domicile,0.4834257559232051,1.7528555867426672,2026-09-08T17:22:12.296Z,2026-10-06T15:59:15.712Z,,,lose,2,2
espn-401874939:1X2,espn-401874939,SA,2026-09-05T13:00Z,Fiorentina,Torino,1X2_A,Victoire Torino,0.5968134743882116,1.7041554797275194,2026-09-08T17:22:12.296Z,2026-10-06T15:59:15.712Z,,,win,1,2
espn-401884806:1X2,espn-401884806,BL,2026-09-05T13:30Z,Bayer Leverkusen,1. FC Union Berlin,1X2_H,Victoire Bayer Leverkusen,0.6782450251723207,1.409315951624484,2026-09-08T17:22:12.296Z,2026-10-06T15:59:15.712Z,,,win,4,0
espn-401884804:1X2,espn-401884804,BL,2026-09-05T13:30Z,Borussia Mönchengladbach,SV Elversberg,1X2_A,Victoire SV Elversberg,0.6509475394623235,1.6109783374610285,2026-09-08T17:22:12.296Z,2026-10-06T15:59:15.712Z,,,win,3,4
espn-401884800:1X2,espn-401884800,BL,2026-09-05T13:30Z,SC Paderborn 07,SC Freiburg,1X2_A,Victoire SC Freiburg,0.6064909532729612,1.6602526895587182,2026-09-08T17:22:12.296Z,2026-10-06T15:59:15.712Z,,,win,0,1
espn-401884807:1X2,espn-401884807,BL,2026-09-05T13:30Z,TSG Hoffenheim,Borussia Dortmund,1X2_A,Victoire Borussia Dortmund,0.5416215500752214,1.7222456816987728,2026-09-08T17:22:12.296Z,2026-10-06T15:59:15.712Z,,,win,2,3
espn-401884802:1X2,espn-401884802,BL,2026-09-05T13:30Z,Werder Bremen,RB Leipzig,1X2_H,Victoire Werder Bremen,0.3115108675898589,3.3813003887668223,2026-09-08T17:22:12.297Z,2026-10-06T15:59:15.712Z,,,win,3,1
espn-401879311:1X2,espn-401879311,PL,2026-09-05T14:00Z,Brentford,Sunderland,1X2_H,Victoire Brentford,0.5566052883522539,1.8782530908006285,2026-09-08T17:22:12.297Z,2026-10-06T15:59:15.712Z,,,lose,1,1
espn-401879290:1X2,espn-401879290,PL,2026-09-05T14:00Z,Brighton & Hove Albion,Leeds United,1X2_H,Victoire Brighton & Hove Albion,0.4530577271393332,1.9869745689679228,2026-09-08T17:22:12.297Z,2026-10-06T15:59:15.712Z,,,lose,1,1
espn-401879289:1X2,espn-401879289,PL,2026-09-05T14:00Z,Fulham,Crystal Palace,1X2_A,Victoire Crystal Palace,0.39050974508796193,2.728658152824426,2026-09-08T17:22:12.297Z,2026-10-06T15:59:15.712Z,,,win,2,3
espn-401879287:1X2,espn-401879287,PL,2026-09-05T14:00Z,Manchester City,Coventry City,1X2_H,Victoire Manchester City,0.8158924831498353,1.1936192709832705,2026-09-08T17:22:12.297Z,2026-10-06T15:59:15.712Z,,,win,1,0
espn-401878780:1X2,espn-401878780,PL,2026-09-05T14:00Z,Nottingham Forest,Tottenham Hotspur,1X2_A,Victoire Tottenham Hotspur,0.4587703986767145,2.1618847042700056,2026-09-08T17:22:12.297Z,2026-10-06T15:59:15.712Z,,,lose,0,0
espn-401882895:1X2,espn-401882895,LL,2026-09-05T14:15Z,Athletic Club,Atlético de Madrid,1X2_A,Victoire Atlético de Madrid,0.4148355584701437,2.3049871075220447,2026-09-08T17:22:12.297Z,2026-10-06T15:59:15.712Z,,,lose,3,0
espn-401876473:1X2,espn-401876473,L1,2026-09-05T15:15Z,Lens,Lorient,1X2_H,Victoire Lens,0.4328228139500197,2.0681215505065933,2026-09-08T17:22:12.297Z,2026-10-06T15:59:15.712Z,,,lose,0,1
espn-401874937:1X2,espn-401874937,SA,2026-09-05T16:00Z,Internazionale,Napoli,1X2_H,Victoire Internazionale,0.5250611513886067,1.8535982700799578,2026-09-08T17:22:12.297Z,2026-10-06T15:59:15.712Z,,,win,3,2
espn-401878781:1X2,espn-401878781,PL,2026-09-05T16:30Z,Hull City,Aston Villa,1X2_H,Victoire Hull City,0.5138350448641235,2.0434564878789607,2026-09-08T17:22:12.297Z,2026-10-06T15:59:15.712Z,,,lose,0,0
espn-401882889:1X2,espn-401882889,LL,2026-09-05T16:30Z,Rayo Vallecano,Racing Santander,1X2_A,Victoire Racing Santander,0.4054752541863336,2.282520011882534,2026-09-08T17:22:12.297Z,2026-10-06T15:59:15.712Z,,,lose,3,2
espn-401884801:1X2,espn-401884801,BL,2026-09-05T16:30Z,Schalke 04,Bayern Munich,1X2_A,Victoire Bayern Munich,0.7375150299150964,1.308728651556963,2026-09-08T17:22:12.297Z,2026-10-06T15:59:15.712Z,,,lose,0,0
espn-401874781:1X2,espn-401874781,SA,2026-09-05T18:45Z,AS Roma,Atalanta,1X2_H,Victoire AS Roma,0.6573160285712386,1.6162431946779157,2026-09-08T17:22:12.297Z,2026-10-06T15:59:15.712Z,,,win,2,1
espn-401876474:1X2,espn-401876474,L1,2026-09-05T18:45Z,Le Havre AC,Brest,1X2_A,Victoire Brest,0.558897284180345,1.9932199075140675,2026-09-08T17:22:12.297Z,2026-10-06T15:59:15.712Z,,,win,1,2
espn-401876470:1X2,espn-401876470,L1,2026-09-05T18:45Z,Nice,Le Mans,1X2_A,Victoire Le Mans,0.4536034099136794,2.2295292418585495,2026-09-08T17:22:12.297Z,2026-10-06T15:59:15.712Z,,,lose,1,1
espn-401882887:1X2,espn-401882887,LL,2026-09-05T19:00Z,Villarreal,Deportivo,1X2_A,Victoire Deportivo,0.48851831051166983,2.3212365252969724,2026-09-08T17:22:12.297Z,2026-10-06T15:59:15.712Z,,,win,2,3
hist:espn-401882926:1X2,espn-401882926,LL,2026-08-15T17:30Z,Alavés,Getafe,1X2_H,1 — Domicile,0.7221451383487738,1.3452326366567864,2026-08-15T17:30Z,2026-10-06T15:59:15.712Z,,,win,3,0
hist:espn-401882918:1X2,espn-401882918,LL,2026-08-15T19:30Z,Sevilla,Rayo Vallecano,1X2_H,1 — Domicile,0.5561476332910448,1.7198057525547508,2026-08-15T19:30Z,2026-10-06T15:59:15.712Z,,,win,2,1
hist:espn-401882920:1X2,espn-401882920,LL,2026-08-16T15:00Z,Racing Santander,Villarreal,1X2_H,1 — Domicile,0.4040278921992479,2.5269335333382847,2026-08-16T15:00Z,2026-10-06T15:59:15.712Z,,,lose,2,2
hist:espn-401882922:1X2,espn-401882922,LL,2026-08-16T17:00Z,Espanyol,Levante,1X2_D,X — Nul,0.26079432240641365,3.8273284048415346,2026-08-16T17:00Z,2026-10-06T15:59:15.712Z,,,lose,3,0
ub-atleticomadrid|osasuna-2026-09-16:1X2,ub-atleticomadrid|osasuna-2026-09-16,LL,2026-09-16T17:00:00Z,Atlético Madrid,Osasuna,1X2_H,Victoire Atlético Madrid,0.5113571547301686,1.5,2026-09-10T07:32:28.595Z,2026-10-06T15:59:15.712Z,,,,,
espn-401882873:1X2,espn-401882873,LL,2026-09-16T17:00Z,Deportivo,Sevilla,1X2_H,Victoire Deportivo,0.5241624380240851,1.918997211750315,2026-09-08T11:08:44.821Z,2026-10-06T15:59:15.712Z,,,,,
espn-401882871:1X2,espn-401882871,LL,2026-09-16T19:30Z,Barcelona,Racing Santander,1X2_D,Match nul,0.1157773376789069,10.25,2026-09-08T11:08:44.821Z,2026-10-06T15:59:15.712Z,,,,,
espn-401882870:1X2,espn-401882870,LL,2026-09-16T19:30Z,Levante,Athletic Club,1X2_H,Victoire Levante,0.47561381077706183,3.08,2026-09-08T11:08:44.821Z,2026-10-06T15:59:15.712Z,,,,,
espn-401915452:1X2,espn-401915452,CL,2026-09-08T16:45Z,AEK Athens,LASK Linz,1X2_H,Victoire AEK Athens,0.6782274118721962,1.609939034799015,2026-09-08T11:16:52.236Z,2026-10-06T15:59:15.712Z,,,win,1,0
espn-401915426:1X2,espn-401915426,CL,2026-09-08T16:45Z,Club Brugge,Aston Villa,1X2_A,Victoire Aston Villa,0.5457741050175976,2.104868036317841,2026-09-08T11:16:52.236Z,2026-10-06T15:59:15.712Z,,,win,2,3
espn-401915449:1X2,espn-401915449,CL,2026-09-08T19:00Z,Borussia Dortmund,Villarreal,1X2_H,Victoire Borussia Dortmund,0.5795879667197463,1.8433048986268472,2026-09-08T11:16:52.236Z,2026-10-06T15:59:15.713Z,,,win,3,2
espn-401915425:1X2,espn-401915425,CL,2026-09-08T19:00Z,FC Porto,Manchester City,1X2_A,Victoire Manchester City,0.8236132355512318,1.3011165520243688,2026-09-08T11:16:52.236Z,2026-10-06T15:59:15.713Z,,,win,0,2
espn-401915450:1X2,espn-401915450,CL,2026-09-08T19:00Z,Lille,Real Betis,1X2_A,2 — Extérieur,0.39009804509503127,2.5755742147935816,2026-09-08T11:16:52.236Z,2026-10-06T15:59:15.713Z,,,win,2,3
espn-401915451:1X2,espn-401915451,CL,2026-09-08T19:00Z,Real Madrid,Internazionale,1X2_H,Victoire Real Madrid,0.4458095328668795,2.3726605160861314,2026-09-08T11:16:52.236Z,2026-10-06T15:59:15.713Z,,,win,2,1
espn-401915424:1X2,espn-401915424,CL,2026-09-09T16:45Z,Barcelona,Feyenoord Rotterdam,1X2_H,Victoire Barcelona,0.8893032700524139,1.1244757932140088,2026-09-08T11:16:52.236Z,2026-10-06T15:59:15.713Z,,,win,5,1
espn-401915448:1X2,espn-401915448,CL,2026-09-09T16:45Z,VfB Stuttgart,Viking FK,1X2_H,Victoire VfB Stuttgart,0.8513523864837561,1.1746017464403737,2026-09-08T11:16:52.236Z,2026-10-06T15:59:15.713Z,,,win,3,1
espn-401915446:1X2,espn-401915446,CL,2026-09-09T19:00Z,Liverpool,Atlético de Madrid,1X2_H,Victoire Liverpool,0.5002206233590324,2.22489034320386,2026-09-08T11:16:52.236Z,2026-10-06T15:59:15.713Z,,,win,2,1
espn-401915423:1X2,espn-401915423,CL,2026-09-09T19:00Z,Napoli,Arsenal,1X2_A,Victoire Arsenal,0.588009214235937,1.8947878404164447,2026-09-08T11:16:52.236Z,2026-10-06T15:59:15.714Z,,,win,0,1
espn-401915445:1X2,espn-401915445,CL,2026-09-09T19:00Z,Paris Saint-Germain,Slovan Bratislava,1X2_H,1 — Domicile,0.7882557918660734,1.04,2026-09-08T11:16:52.236Z,2026-10-06T15:59:15.714Z,,,win,6,1
espn-401915447:1X2,espn-401915447,CL,2026-09-09T19:00Z,Sporting CP,Galatasaray,1X2_H,Victoire Sporting CP,0.8908608739889371,1.1225097309778342,2026-09-08T11:16:52.236Z,2026-10-06T15:59:15.714Z,,,win,3,1
ub-fenerbahce|roma-2026-09-10:1X2,ub-fenerbahce|roma-2026-09-10,CL,2026-09-10T16:45:00Z,Fenerbahçe,Roma,1X2_A,Victoire Roma,0.4279365349198702,1.32,2026-09-10T07:32:28.594Z,2026-10-06T15:59:15.714Z,,,,,
ub-psveindhoven|shakhtardonetsk-2026-09-10:1X2,ub-psveindhoven|shakhtardonetsk-2026-09-10,CL,2026-09-10T16:45:00Z,PSV Eindhoven,Shakhtar Donetsk,1X2_H,Victoire PSV Eindhoven,0.38999434668511457,3.4,2026-09-10T07:32:28.594Z,2026-10-06T15:59:15.714Z,,,lose,1,1
espn-401915443:1X2,espn-401915443,CL,2026-09-10T19:00Z,Bayern Munich,Bodo/Glimt,1X2_H,Victoire Bayern Munich,0.7124757244888561,0,2026-09-08T11:16:52.236Z,2026-10-06T15:59:15.714Z,,,win,5,0
ub-como|leipzig-2026-09-10:1X2,ub-como|leipzig-2026-09-10,CL,2026-09-10T19:00:00Z,Como,RB Leipzig,1X2_A,Victoire RB Leipzig,0.389918631951429,4.5,2026-09-10T18:02:35.725Z,2026-10-06T15:59:15.714Z,,,lose,4,1
ub-manchesterunited|sabah-2026-09-10:1X2,ub-manchesterunited|sabah-2026-09-10,CL,2026-09-10T19:00:00Z,Manchester United,Sabah FK,1X2_H,Victoire Manchester United,0.8274829010488213,1.07,2026-09-10T18:02:35.725Z,2026-10-06T15:59:15.714Z,,,win,4,0
espn-401915440:1X2,espn-401915440,CL,2026-09-10T19:00Z,Slavia Prague,Lens,1X2_A,2 — Extérieur,0.4005297176416209,2.7,2026-09-08T11:16:52.236Z,2026-10-06T15:59:15.715Z,,,win,2,3
espn-401915594:1X2,espn-401915594,EL,2026-09-16T16:45Z,Ararat-Armenia,Sparta Prague,1X2_H,Victoire Ararat-Armenia,0.43200241139879114,5.2,2026-09-08T16:13:18.604Z,2026-10-06T15:59:15.715Z,,,,,
espn-401915611:1X2,espn-401915611,EL,2026-09-16T16:45Z,Omonia Nicosia,Celta Vigo,1X2_A,Victoire Celta Vigo,0.4315990125021368,1.95,2026-09-08T16:13:18.605Z,2026-10-06T15:59:15.715Z,,,,,
espn-401915586:1X2,espn-401915586,EL,2026-09-16T19:00Z,AC Milan,Benfica,1X2_H,Victoire AC Milan,0.40208874358094554,2.05,2026-09-08T16:13:18.605Z,2026-10-06T15:59:15.715Z,,,,,
espn-401915590:1X2,espn-401915590,EL,2026-09-16T19:00Z,Anderlecht,Lyon,1X2_D,X — Nul,0.32054299379568063,3.5,2026-09-08T16:13:18.605Z,2026-10-06T15:59:15.715Z,,,void,,
espn-401915587:1X2,espn-401915587,EL,2026-09-16T19:00Z,Bayer Leverkusen,NK Celje,1X2_H,Victoire Bayer Leverkusen,0.6504131274760725,1.19,2026-09-08T16:13:18.605Z,2026-10-06T15:59:15.715Z,,,,,
espn-401915589:1X2,espn-401915589,EL,2026-09-16T19:00Z,Hapoel Be'er,Dinamo Zagreb,1X2_D,Match nul,0.34521959354011345,3.8,2026-09-08T16:13:18.605Z,2026-10-06T15:59:15.715Z,,,,,
espn-401915588:1X2,espn-401915588,EL,2026-09-16T19:00Z,Olympiacos,Jagiellonia Bialystok,1X2_A,Victoire Jagiellonia Bialystok,0.3707250288273226,0,2026-09-08T16:13:18.605Z,2026-10-06T15:59:15.716Z,,,,,
espn-401915593:1X2,espn-401915593,EL,2026-09-16T19:00Z,SK Sturm Graz,Stade Rennais,1X2_D,X — Nul,0.4012336388050868,3.5,2026-09-08T16:13:18.605Z,2026-10-06T15:59:15.716Z,,,void,,
espn-401915592:1X2,espn-401915592,EL,2026-09-16T19:00Z,Sunderland,AZ Alkmaar,1X2_A,Victoire AZ Alkmaar,0.444871153530707,4.7,2026-09-08T16:13:18.605Z,2026-10-06T15:59:15.716Z,,,,,
espn-401915584:1X2,espn-401915584,EL,2026-09-17T16:45Z,Levski Sofia,RB Salzburg,1X2_H,Victoire Levski Sofia,0.37851638427555995,3,2026-09-09T00:05:12.361Z,2026-10-06T15:59:15.716Z,,,,,
espn-401915585:1X2,espn-401915585,EL,2026-09-17T16:45Z,OFI Crete,TSG Hoffenheim,1X2_A,Victoire TSG Hoffenheim,0.4035036413415048,1.45,2026-09-09T00:05:12.361Z,2026-10-06T15:59:15.716Z,,,,,
ub-realbetis|getafe-2026-09-17:1X2,ub-realbetis|getafe-2026-09-17,LL,2026-09-17T17:00:00Z,Real Betis,Getafe,1X2_H,Victoire Real Betis,0.41937426564371244,1.85,2026-09-10T07:32:28.595Z,2026-10-06T15:59:15.716Z,,,,,
espn-401915591:1X2,espn-401915591,EL,2026-09-17T19:00Z,Besiktas,Marseille,1X2_D,X — Nul,0.296997586366192,3.6,2026-09-09T00:05:12.361Z,2026-10-06T15:59:15.717Z,,,void,,
espn-401915581:1X2,espn-401915581,EL,2026-09-17T19:00Z,Celtic,Ferencvaros,1X2_H,Victoire Celtic,0.38715995289400057,1.67,2026-09-09T00:05:12.361Z,2026-10-06T15:59:15.717Z,,,,,
espn-401915569:1X2,espn-401915569,EL,2026-09-17T19:00Z,Crystal Palace,Lech Poznan,1X2_H,Victoire Crystal Palace,0.42003324524636404,1.41,2026-09-09T00:05:12.361Z,2026-10-06T15:59:15.717Z,,,,,
espn-401915582:1X2,espn-401915582,EL,2026-09-17T19:00Z,Juventus,NEC Nijmegen,1X2_H,Victoire Juventus,0.5680467051300114,1.27,2026-09-09T00:05:12.361Z,2026-10-06T15:59:15.717Z,,,,,
espn-401915570:1X2,espn-401915570,EL,2026-09-17T19:00Z,Lillestrom,Torreense,1X2_D,X — Nul,0.28677313988393155,4.333,2026-09-09T00:05:12.361Z,2026-10-06T15:59:15.717Z,,,void,,
espn-401915583:1X2,espn-401915583,EL,2026-09-17T19:00Z,Real Sociedad,AFC Bournemouth,1X2_H,Victoire Real Sociedad,0.3519028325597839,2.7,2026-09-09T00:05:12.361Z,2026-10-06T15:59:15.717Z,,,,,
espn-401915580:1X2,espn-401915580,EL,2026-09-17T19:00Z,Viktoria Plzen,Union St.-Gilloise,1X2_D,Match nul,0.3669565572629608,0,2026-09-09T00:05:12.361Z,2026-10-06T15:59:15.718Z,,,,,
ub-malaga|villarreal-2026-09-17:1X2,ub-malaga|villarreal-2026-09-17,LL,2026-09-17T19:30:00Z,Málaga,Villarreal,1X2_H,Victoire Málaga,0.3854199713690773,3.5,2026-09-10T07:32:28.595Z,2026-10-06T15:59:15.718Z,,,,,
ub-bayernmunich|bodglimt-2026-09-10:1X2,ub-bayernmunich|bodglimt-2026-09-10,CL,2026-09-10T19:00:00Z,Bayern Munich,Bodø/Glimt,1X2_H,Victoire Bayern Munich,0.8567457292085998,1.08,2026-09-10T07:32:28.594Z,2026-10-06T15:59:15.718Z,,,,,
ub-rennes|marseille-2026-09-11:1X2,ub-rennes|marseille-2026-09-11,L1,2026-09-11T18:45:00Z,Rennes,Marseille,1X2_H,Victoire Rennes,0.4316324931476012,1.98,2026-09-10T07:32:28.594Z,2026-10-06T15:59:15.718Z,,,,,
ub-mainz05|eintrachtfrankfurt-2026-09-12:1X2,ub-mainz05|eintrachtfrankfurt-2026-09-12,BL,2026-09-12T13:30:00Z,Mainz 05,Eintracht Frankfurt,1X2_H,Victoire Mainz 05,0.43556660098467914,1.97,2026-09-10T07:32:28.594Z,2026-10-06T15:59:15.718Z,,,,,
ub-tottenham|everton-2026-09-12:1X2,ub-tottenham|everton-2026-09-12,PL,2026-09-12T16:30:00Z,Tottenham,Everton,1X2_H,Victoire Tottenham,0.4645685350344419,2.04,2026-09-10T07:32:28.594Z,2026-10-06T15:59:15.718Z,,,,,
ub-athleticbilbao|elche-2026-09-12:1X2,ub-athleticbilbao|elche-2026-09-12,LL,2026-09-12T16:30:00Z,Athletic Bilbao,Elche,1X2_H,Victoire Athletic Bilbao,0.46562836419659753,1.38,2026-09-10T07:32:28.594Z,2026-10-06T15:59:15.718Z,,,,,
ub-1koln|werderbremen-2026-09-12:1X2,ub-1koln|werderbremen-2026-09-12,BL,2026-09-12T16:30:00Z,1. FC Köln,Werder Bremen,1X2_H,Victoire 1. FC Köln,0.4116185195512618,2.02,2026-09-10T07:32:28.594Z,2026-10-06T15:59:15.719Z,,,,,
ub-auxerre|nice-2026-09-12:1X2,ub-auxerre|nice-2026-09-12,L1,2026-09-12T18:45:00Z,Auxerre,Nice,1X2_H,Victoire Auxerre,0.4139420112095805,2.52,2026-09-10T07:32:28.594Z,2026-10-06T15:59:15.719Z,,,,,
ub-coventrycity|brighton-2026-09-13:1X2,ub-coventrycity|brighton-2026-09-13,PL,2026-09-13T13:00:00Z,Coventry City,Brighton,1X2_A,Victoire Brighton,0.3810451201662949,1.93,2026-09-10T07:32:28.594Z,2026-10-06T15:59:15.719Z,,,,,
ub-leipzig|hamburgersv-2026-09-13:1X2,ub-leipzig|hamburgersv-2026-09-13,BL,2026-09-13T13:30:00Z,RB Leipzig,Hamburger SV,1X2_H,Victoire RB Leipzig,0.5046758951340143,1.33,2026-09-10T18:02:35.725Z,2026-10-06T15:59:15.719Z,,,,,
ub-levante|barcelone-2026-09-13:1X2,ub-levante|barcelone-2026-09-13,LL,2026-09-13T14:15:00Z,Levante,FC Barcelone,1X2_A,Victoire FC Barcelone,0.6276164355032785,1.14,2026-09-10T07:32:28.594Z,2026-10-06T15:59:15.719Z,,,,,
ub-getafe|deportivoacoruna-2026-09-13:1X2,ub-getafe|deportivoacoruna-2026-09-13,LL,2026-09-13T16:30:00Z,Getafe,Deportivo A Coruña,1X2_H,Victoire Getafe,0.39965988812257197,2.38,2026-09-10T07:32:28.594Z,2026-10-06T15:59:15.719Z,,,,,
ub-brest|psg-2026-09-13:1X2,ub-brest|psg-2026-09-13,L1,2026-09-13T18:45:00Z,Brest,PSG,1X2_A,Victoire PSG,0.5873116831551843,1.24,2026-09-10T07:32:28.594Z,2026-10-06T15:59:15.719Z,,,,,
ub-inter|udinese-2026-09-14:1X2,ub-inter|udinese-2026-09-14,SA,2026-09-14T18:45:00Z,Inter,Udinese,1X2_H,Victoire Inter,0.5996949814446935,1.25,2026-09-10T07:32:28.594Z,2026-10-06T15:59:15.719Z,,,,,
ub-deportivoacoruna|sevilla-2026-09-16:1X2,ub-deportivoacoruna|sevilla-2026-09-16,LL,2026-09-16T17:00:00Z,Deportivo A Coruña,Sevilla,1X2_H,Victoire Deportivo A Coruña,0.3960158205513587,2.5,2026-09-10T07:32:28.595Z,2026-10-06T15:59:15.720Z,,,,,
ub-olympiakospiraeus|jagielloniabiaystok-2026-09-16:1X2,ub-olympiakospiraeus|jagielloniabiaystok-2026-09-16,EL,2026-09-16T19:00:00Z,Olympiakos Piraeus,Jagiellonia Białystok,1X2_H,Victoire Olympiakos Piraeus,0.44858185393338723,1.36,2026-09-10T07:32:28.595Z,2026-10-06T15:59:15.720Z,,,,,
ub-hapoelbeersheva|dinamozagreb-2026-09-16:1X2,ub-hapoelbeersheva|dinamozagreb-2026-09-16,EL,2026-09-16T19:00:00Z,Hapoel Beer Sheva,Dinamo Zagreb,1X2_H,Victoire Hapoel Beer Sheva,0.38996566980400893,3.4,2026-09-10T07:32:28.595Z,2026-10-06T15:59:15.720Z,,,,,
ub-barcelone|racingsantander-2026-09-16:1X2,ub-barcelone|racingsantander-2026-09-16,LL,2026-09-16T19:30:00Z,FC Barcelone,Racing Santander,1X2_H,Victoire FC Barcelone,0.7813876354208156,1.08,2026-09-10T07:32:28.595Z,2026-10-06T15:59:15.720Z,,,,,
ub-levante|athleticbilbao-2026-09-16:1X2,ub-levante|athleticbilbao-2026-09-16,LL,2026-09-16T19:30:00Z,Levante,Athletic Bilbao,1X2_H,Victoire Levante,0.43878834153536633,3.2,2026-09-10T07:32:28.595Z,2026-10-06T15:59:15.720Z,,,,,
ub-levskisofia|redbullsalzburg-2026-09-17:1X2,ub-levskisofia|redbullsalzburg-2026-09-17,EL,2026-09-17T16:45:00Z,Levski Sofia,Red Bull Salzburg,1X2_H,Victoire Levski Sofia,0.6416003127096802,3,2026-09-10T07:32:28.595Z,2026-10-06T15:59:15.721Z,,,,,
ub-viktoriaplzen|unionsaintgilloise-2026-09-17:1X2,ub-viktoriaplzen|unionsaintgilloise-2026-09-17,EL,2026-09-17T19:00:00Z,Viktoria Plzeň,Union Saint-Gilloise,1X2_H,Victoire Viktoria Plzeň,0.39467757097988054,2.55,2026-09-10T07:32:28.595Z,2026-10-06T15:59:15.721Z,,,,,
ub-bayernmunich|1unionberlin-2026-09-18:1X2,ub-bayernmunich|1unionberlin-2026-09-18,BL,2026-09-18T18:30:00Z,Bayern Munich,1. FC Union Berlin,1X2_H,Victoire Bayern Munich,0.7946103353259991,1.09,2026-09-10T07:32:28.595Z,2026-10-06T15:59:15.721Z,,,,,
ub-monaco|lens-2026-09-18:1X2,ub-monaco|lens-2026-09-18,L1,2026-09-18T18:45:00Z,AS Monaco,Lens,1X2_H,Victoire AS Monaco,0.40094973015640534,2.28,2026-09-10T18:02:35.725Z,2026-10-06T15:59:15.721Z,,,,,
ub-monza|sassuolo-2026-09-18:1X2,ub-monza|sassuolo-2026-09-18,SA,2026-09-18T18:45:00Z,Monza,Sassuolo,1X2_H,Victoire Monza,0.3875542863551475,2.85,2026-09-10T07:32:28.595Z,2026-10-06T15:59:15.721Z,,,,,
ub-brentford|chelsea-2026-09-18:1X2,ub-brentford|chelsea-2026-09-18,PL,2026-09-18T19:00:00Z,Brentford,Chelsea,1X2_A,Victoire Chelsea,0.4207790333393345,2.38,2026-09-10T07:32:28.595Z,2026-10-06T15:59:15.721Z,,,,,
ub-tottenham|astonvilla-2026-09-19:1X2,ub-tottenham|astonvilla-2026-09-19,PL,2026-09-19T11:30:00Z,Tottenham,Aston Villa,1X2_H,Victoire Tottenham,0.41255980666820824,2,2026-09-10T07:32:28.595Z,2026-10-06T15:59:15.721Z,,,,,
ub-bologna|torino-2026-09-19:1X2,ub-bologna|torino-2026-09-19,SA,2026-09-19T13:00:00Z,Bologna,Torino,1X2_H,Victoire Bologna,0.41521663701933836,1.88,2026-09-10T07:32:28.595Z,2026-10-06T15:59:15.722Z,,,,,
ub-udinese|cagliari-2026-09-19:1X2,ub-udinese|cagliari-2026-09-19,SA,2026-09-19T13:00:00Z,Udinese,Cagliari,1X2_H,Victoire Udinese,0.4094489550399161,2.02,2026-09-10T07:32:28.595Z,2026-10-06T15:59:15.722Z,,,,,
ub-eintrachtfrankfurt|freiburg-2026-09-19:1X2,ub-eintrachtfrankfurt|freiburg-2026-09-19,BL,2026-09-19T13:30:00Z,Eintracht Frankfurt,SC Freiburg,1X2_H,Victoire Eintracht Frankfurt,0.3985414395762337,2.35,2026-09-10T07:32:28.595Z,2026-10-06T15:59:15.722Z,,,,,
ub-werderbremen|augsburg-2026-09-19:1X2,ub-werderbremen|augsburg-2026-09-19,BL,2026-09-19T13:30:00Z,Werder Bremen,FC Augsburg,1X2_H,Victoire Werder Bremen,0.39966281179967383,2.32,2026-09-10T07:32:28.595Z,2026-10-06T15:59:15.722Z,,,,,
ub-borussiamonchengladbach|mainz05-2026-09-19:1X2,ub-borussiamonchengladbach|mainz05-2026-09-19,BL,2026-09-19T13:30:00Z,Borussia Mönchengladbach,Mainz 05,1X2_H,Victoire Borussia Mönchengladbach,0.3913914183364218,2.63,2026-09-10T07:32:28.595Z,2026-10-06T15:59:15.722Z,,,,,
ub-hamburgersv|1koln-2026-09-19:1X2,ub-hamburgersv|1koln-2026-09-19,BL,2026-09-19T13:30:00Z,Hamburger SV,1. FC Köln,1X2_H,Victoire Hamburger SV,0.39308537826073153,2.6,2026-09-10T07:32:28.595Z,2026-10-06T15:59:15.722Z,,,,,
ub-everton|ipswichtown-2026-09-19:1X2,ub-everton|ipswichtown-2026-09-19,PL,2026-09-19T14:00:00Z,Everton,Ipswich Town,1X2_H,Victoire Everton,0.4243487330443315,1.75,2026-09-10T07:32:28.595Z,2026-10-06T15:59:15.722Z,,,,,
ub-brighton|arsenal-2026-09-19:1X2,ub-brighton|arsenal-2026-09-19,PL,2026-09-19T14:00:00Z,Brighton,Arsenal,1X2_A,Victoire Arsenal,0.5398756899383249,1.81,2026-09-10T07:32:28.595Z,2026-10-06T15:59:15.722Z,,,,,
ub-newcastleunited|hullcity-2026-09-19:1X2,ub-newcastleunited|hullcity-2026-09-19,PL,2026-09-19T14:00:00Z,Newcastle United,Hull City,1X2_H,Victoire Newcastle United,0.4708994969340351,1.49,2026-09-10T07:32:28.595Z,2026-10-06T15:59:15.723Z,,,,,
ub-paris|strasbourg-2026-09-19:1X2,ub-paris|strasbourg-2026-09-19,L1,2026-09-19T15:15:00Z,Paris FC,Strasbourg,1X2_H,Victoire Paris FC,0.41111746189940407,1.98,2026-09-10T07:32:28.595Z,2026-10-06T15:59:15.723Z,,,,,
ub-roma|inter-2026-09-19:1X2,ub-roma|inter-2026-09-19,SA,2026-09-19T16:00:00Z,Roma,Inter,1X2_A,Victoire Inter,0.4894890879799878,2.63,2026-09-10T07:32:28.595Z,2026-10-06T15:59:15.723Z,,,,,
ub-nottinghamforest|coventrycity-2026-09-19:1X2,ub-nottinghamforest|coventrycity-2026-09-19,PL,2026-09-19T16:30:00Z,Nottingham Forest,Coventry City,1X2_H,Victoire Nottingham Forest,0.4225413474356443,1.78,2026-09-10T07:32:28.595Z,2026-10-06T15:59:15.723Z,,,,,
ub-vfbstuttgart|borussiadortmund-2026-09-19:1X2,ub-vfbstuttgart|borussiadortmund-2026-09-19,BL,2026-09-19T16:30:00Z,VfB Stuttgart,Borussia Dortmund,1X2_A,Victoire Borussia Dortmund,0.4005613717523612,2.85,2026-09-10T07:32:28.595Z,2026-10-06T15:59:15.723Z,,,,,
ub-lyon|rennes-2026-09-19:1X2,ub-lyon|rennes-2026-09-19,L1,2026-09-19T18:45:00Z,Lyon,Rennes,1X2_H,Victoire Lyon,0.40259906006215596,2.03,2026-09-10T07:32:28.595Z,2026-10-06T15:59:15.724Z,,,,,
ub-toulouse|lehavre-2026-09-19:1X2,ub-toulouse|lehavre-2026-09-19,L1,2026-09-19T18:45:00Z,Toulouse,Le Havre,1X2_H,Victoire Toulouse,0.4199059426954302,1.78,2026-09-10T07:32:28.595Z,2026-10-06T15:59:15.724Z,,,,,
ub-lemans|lorient-2026-09-19:1X2,ub-lemans|lorient-2026-09-19,L1,2026-09-19T18:45:00Z,Le Mans,Lorient,1X2_H,Victoire Le Mans,0.38688401857736265,2.85,2026-09-10T07:32:28.595Z,2026-10-06T15:59:15.724Z,,,,,
ub-angers|troyes-2026-09-19:1X2,ub-angers|troyes-2026-09-19,L1,2026-09-19T18:45:00Z,Angers,Troyes,1X2_H,Victoire Angers,0.40560938269837743,2.15,2026-09-10T07:32:28.595Z,2026-10-06T15:59:15.724Z,,,,,
ub-venezia|lazio-2026-09-19:1X2,ub-venezia|lazio-2026-09-19,SA,2026-09-19T18:45:00Z,Venezia,Lazio,1X2_H,Victoire Venezia,0.37920408096008035,3.4,2026-09-10T07:32:28.595Z,2026-10-06T15:59:15.724Z,,,,,
ub-fiorentina|napoli-2026-09-20:1X2,ub-fiorentina|napoli-2026-09-20,SA,2026-09-20T10:30:00Z,Fiorentina,Napoli,1X2_A,Victoire Napoli,0.4326420547369124,2.18,2026-09-10T07:32:28.595Z,2026-10-06T15:59:15.725Z,,,,,
ub-auxerre|brest-2026-09-20:1X2,ub-auxerre|brest-2026-09-20,L1,2026-09-20T13:00:00Z,Auxerre,Brest,1X2_H,Victoire Auxerre,0.3891169095538365,2.75,2026-09-10T07:32:28.595Z,2026-10-06T15:59:15.725Z,,,,,
ub-bournemouth|liverpool-2026-09-20:1X2,ub-bournemouth|liverpool-2026-09-20,PL,2026-09-20T13:00:00Z,Bournemouth,Liverpool,1X2_A,Victoire Liverpool,0.4985784463458565,2.1,2026-09-10T07:32:28.595Z,2026-10-06T15:59:15.725Z,,,,,
ub-leedsunited|crystalpalace-2026-09-20:1X2,ub-leedsunited|crystalpalace-2026-09-20,PL,2026-09-20T13:00:00Z,Leeds United,Crystal Palace,1X2_H,Victoire Leeds United,0.4110863066119458,2.04,2026-09-10T07:32:28.595Z,2026-10-06T15:59:15.725Z,,,,,
ub-manchestercity|sunderland-2026-09-20:1X2,ub-manchestercity|sunderland-2026-09-20,PL,2026-09-20T13:00:00Z,Manchester City,Sunderland,1X2_H,Victoire Manchester City,0.6225681057482786,1.29,2026-09-10T07:32:28.595Z,2026-10-06T15:59:15.726Z,,,,,
ub-parma|genoa-2026-09-20:1X2,ub-parma|genoa-2026-09-20,SA,2026-09-20T13:00:00Z,Parma,Genoa,1X2_H,Victoire Parma,0.38418183331422157,3.05,2026-09-10T07:32:28.595Z,2026-10-06T15:59:15.726Z,,,,,
ub-frosinone|como-2026-09-20:1X2,ub-frosinone|como-2026-09-20,SA,2026-09-20T13:00:00Z,Frosinone,Como,1X2_A,Victoire Como,0.39816714305345374,1.6,2026-09-10T07:32:28.595Z,2026-10-06T15:59:15.726Z,,,,,
ub-bayerleverkusen|leipzig-2026-09-20:1X2,ub-bayerleverkusen|leipzig-2026-09-20,BL,2026-09-20T13:30:00Z,Bayer Leverkusen,RB Leipzig,1X2_H,Victoire Bayer Leverkusen,0.44326760294478457,1.87,2026-09-10T18:02:35.725Z,2026-10-06T15:59:15.726Z,,,,,
ub-nice|lille-2026-09-20:1X2,ub-nice|lille-2026-09-20,L1,2026-09-20T15:15:00Z,Nice,Lille,1X2_A,Victoire Lille,0.3988086939131638,2.02,2026-09-10T07:32:28.595Z,2026-10-06T15:59:15.727Z,,,,,
ub-fulham|manchesterunited-2026-09-20:1X2,ub-fulham|manchesterunited-2026-09-20,PL,2026-09-20T15:30:00Z,Fulham,Manchester United,1X2_H,Victoire Fulham,0.39990975239194376,3.6,2026-09-10T07:32:28.595Z,2026-10-06T15:59:15.727Z,,,,,
ub-schalke04|elversberg-2026-09-20:1X2,ub-schalke04|elversberg-2026-09-20,BL,2026-09-20T15:30:00Z,FC Schalke 04,Elversberg,1X2_H,Victoire FC Schalke 04,0.4094149843567412,2.02,2026-09-10T07:32:28.595Z,2026-10-06T15:59:15.727Z,,,,,
ub-juventus|atalanta-2026-09-20:1X2,ub-juventus|atalanta-2026-09-20,SA,2026-09-20T16:00:00Z,Juventus,Atalanta,1X2_H,Victoire Juventus,0.43533534079431707,1.61,2026-09-10T07:32:28.595Z,2026-10-06T15:59:15.727Z,,,,,
ub-paderborn07|tsghoffenheim-2026-09-20:1X2,ub-paderborn07|tsghoffenheim-2026-09-20,BL,2026-09-20T17:30:00Z,SC Paderborn 07,TSG Hoffenheim,1X2_A,Victoire TSG Hoffenheim,0.39305760214145674,1.65,2026-09-10T07:32:28.595Z,2026-10-06T15:59:15.728Z,,,,,
ub-marseille|psg-2026-09-20:1X2,ub-marseille|psg-2026-09-20,L1,2026-09-20T18:45:00Z,Marseille,PSG,1X2_A,Victoire PSG,0.5631318856163937,1.5,2026-09-10T07:32:28.595Z,2026-10-06T15:59:15.728Z,,,,,
espn-401915436:1X2,espn-401915436,CL,2026-10-13T16:45Z,Sabah FK,Slavia Prague,1X2_A,Victoire Slavia Prague,0.6629081573094214,1.98,2026-10-06T15:59:15.686Z,,,betgpt-roi5-canonical-1.0.0,,,
espn-401915414:1X2,espn-401915414,CL,2026-10-14T19:00Z,AS Roma,Real Madrid,1X2_A,Victoire Real Madrid,0.6235906159261625,1.94,2026-10-06T15:59:15.688Z,,,betgpt-roi5-canonical-1.0.0,,,
espn-401915408:1X2,espn-401915408,CL,2026-10-14T19:00Z,Real Betis,FC Porto,1X2_H,Victoire Real Betis,0.8038130214120992,2.2,2026-10-06T15:59:15.688Z,,,betgpt-roi5-canonical-1.0.0,,,
espn-401915405:1X2,espn-401915405,CL,2026-10-14T19:00Z,Slovan Bratislava,VfB Stuttgart,1X2_A,Victoire VfB Stuttgart,0.8469131953535917,1.3,2026-10-06T15:59:15.688Z,,,betgpt-roi5-canonical-1.0.0,,,
ub-vikingstavanger|bayernmunich-2026-10-13:1X2,ub-vikingstavanger|bayernmunich-2026-10-13,CL,2026-10-13T19:00:00Z,Viking Stavanger,Bayern Munich,1X2_A,Victoire Bayern Munich,0.837460467087584,1.07,2026-09-11T08:04:30.141Z,,,,,,
ub-inter|bruges-2026-10-13:1X2,ub-inter|bruges-2026-10-13,CL,2026-10-13T19:00:00Z,Inter,FC Bruges,1X2_H,Victoire Inter,0.6903762823653653,1.3,2026-09-11T08:04:30.141Z,,,betgpt-roi5-canonical-1.0.0,,,
espn-401915410:1X2,espn-401915410,CL,2026-10-13T19:00Z,Villarreal,Napoli,1X2_A,Victoire Napoli,0.4294629816808863,3.15,2026-10-06T15:59:15.688Z,,,betgpt-roi5-canonical-1.0.0,,,
espn-401915434:1X2,espn-401915434,CL,2026-10-13T19:00Z,RB Leipzig,PSV Eindhoven,1X2_H,Victoire RB Leipzig,0.5791236556481931,2.04,2026-10-06T15:59:15.687Z,,,betgpt-roi5-canonical-1.0.0,,,
espn-401915412:1X2,espn-401915412,CL,2026-10-13T19:00Z,Atlético de Madrid,Manchester United,1X2_H,Victoire Atlético de Madrid,0.60937944090637,0,2026-10-06T16:06:07.456Z,,,betgpt-roi5-canonical-1.0.0,,,
ub-bodoglimt|borussiadortmund-2026-10-14:1X2,ub-bodoglimt|borussiadortmund-2026-10-14,CL,2026-10-14T19:00:00Z,Bodø/Glimt,Borussia Dortmund,1X2_A,Victoire Borussia Dortmund,0.42056618295789194,2.07,2026-09-11T08:04:30.141Z,,,,,,
ub-feyenoord|como-2026-10-14:1X2,ub-feyenoord|como-2026-10-14,CL,2026-10-14T16:45:00Z,Feyenoord,Como,1X2_H,Victoire Feyenoord,0.3792728469543312,3.35,2026-09-11T08:14:32.933Z,,,,,,
espn-401915415:1X2,espn-401915415,CL,2026-10-14T16:45Z,LASK Linz,Liverpool,1X2_A,Victoire Liverpool,0.7856933124178648,1.25,2026-10-06T15:59:15.688Z,,,betgpt-roi5-canonical-1.0.0,,,
espn-401915406:1X2,espn-401915406,CL,2026-10-14T19:00Z,Shakhtar Donetsk,AEK Athens,1X2_A,Victoire AEK Athens,0.43923912508778995,2.5,2026-10-06T15:59:15.688Z,,,betgpt-roi5-canonical-1.0.0,,,
espn-401915409:1X2,espn-401915409,CL,2026-10-14T19:00Z,Aston Villa,Fenerbahce,1X2_H,Victoire Aston Villa,0.5633593307782708,1.71,2026-10-06T15:59:15.688Z,,,betgpt-roi5-canonical-1.0.0,,,
ub-galatasaray|barcelone-2026-10-13:1X2,ub-galatasaray|barcelone-2026-10-13,CL,2026-10-13T19:00:00Z,Galatasaray,FC Barcelone,1X2_A,Victoire FC Barcelone,0.44569015219781427,1.29,2026-09-11T08:34:36.544Z,,,betgpt-roi5-canonical-1.0.0,,,
espn-401861140:1X2,espn-401861140,NL,2026-10-06T18:45Z,Albania,San Marino,1X2_H,Victoire Albania,0.46652479744916425,0,2026-10-06T15:59:15.679Z,,,betgpt-roi5-canonical-1.0.0,,,
espn-401861138:1X2,espn-401861138,NL,2026-10-06T18:45Z,Belarus,Finland,1X2_H,Victoire Belarus,0.40066041362669547,3.85,2026-10-06T15:59:15.679Z,,,betgpt-roi5-canonical-1.0.0,,,
espn-401861137:1X2,espn-401861137,NL,2026-10-06T18:45Z,Croatia,Spain,1X2_A,Victoire Spain,0.47723741696535965,1.26,2026-10-06T15:59:15.680Z,,,betgpt-roi5-canonical-1.0.0,,,
espn-401861142:1X2,espn-401861142,NL,2026-10-06T18:45Z,England,Czechia,1X2_H,Victoire England,0.7751206359675243,1.09,2026-10-06T15:59:15.680Z,,,betgpt-roi5-canonical-1.0.0,,,
espn-401861136:1X2,espn-401861136,NL,2026-10-06T18:45Z,Estonia,Iceland,1X2_A,Victoire Iceland,0.4065980771631893,1.58,2026-10-06T15:59:15.680Z,,,betgpt-roi5-canonical-1.0.0,,,
espn-401861141:1X2,espn-401861141,NL,2026-10-06T18:45Z,Luxembourg,Bulgaria,1X2_H,Victoire Luxembourg,0.4448984281197204,2.2,2026-10-06T15:59:15.681Z,,,betgpt-roi5-canonical-1.0.0,,,
espn-401861144:1X2,espn-401861144,NL,2026-10-06T18:45Z,Moldova,Slovakia,1X2_A,Victoire Slovakia,0.44611822775796883,1.38,2026-10-06T15:59:15.681Z,,,betgpt-roi5-canonical-1.0.0,,,
espn-401861143:1X2,espn-401861143,NL,2026-10-06T18:45Z,Scotland,Slovenia,1X2_H,Victoire Scotland,0.45247152527472934,1.83,2026-10-06T15:59:15.681Z,,,betgpt-roi5-canonical-1.0.0,,,
espn-401861139:1X2,espn-401861139,NL,2026-10-06T18:45Z,Switzerland,North Macedonia,1X2_H,Victoire Switzerland,0.7989962877769475,1.09,2026-10-06T15:59:15.681Z,,,betgpt-roi5-canonical-1.0.0,,,
espn-401919990:1X2,espn-401919990,NL,2026-10-06T19:00Z,Angola,Malawi,1X2_H,Victoire Angola,0.5006471420105227,1.38,2026-10-06T15:59:15.681Z,,,betgpt-roi5-canonical-1.0.0,,,
ub-borussiadortmund|werderbremen-2026-10-09:1X2,ub-borussiadortmund|werderbremen-2026-10-09,BL,2026-10-09T18:30:00Z,Borussia Dortmund,Werder Bremen,1X2_H,Victoire Borussia Dortmund,0.5763549292234083,1.33,2026-10-06T15:59:15.681Z,,,betgpt-roi5-canonical-1.0.0,,,
ub-lens|lyon-2026-10-09:1X2,ub-lens|lyon-2026-10-09,L1,2026-10-09T18:45:00Z,Lens,Lyon,1X2_H,Victoire Lens,0.4442862151701206,2.4,2026-10-06T15:59:15.681Z,,,betgpt-roi5-canonical-1.0.0,,,
ub-malaga|espanyol-2026-10-09:1X2,ub-malaga|espanyol-2026-10-09,LL,2026-10-09T19:00:00Z,Málaga,Espanyol,1X2_H,Victoire Málaga,0.4199498299065577,2.65,2026-10-06T15:59:15.682Z,,,betgpt-roi5-canonical-1.0.0,,,
ub-arsenal|leedsunited-2026-10-10:1X2,ub-arsenal|leedsunited-2026-10-10,PL,2026-10-10T11:30:00Z,Arsenal,Leeds United,1X2_H,Victoire Arsenal,0.7059856342161223,1.37,2026-10-06T15:59:15.682Z,,,betgpt-roi5-canonical-1.0.0,,,
ub-rayovallecano|athleticbilbao-2026-10-10:1X2,ub-rayovallecano|athleticbilbao-2026-10-10,LL,2026-10-10T12:00:00Z,Rayo Vallecano,Athletic Bilbao,1X2_A,Victoire Athletic Bilbao,0.3931681696662263,2.4,2026-10-06T15:59:15.682Z,,,betgpt-roi5-canonical-1.0.0,,,
ub-genoa|fiorentina-2026-10-10:1X2,ub-genoa|fiorentina-2026-10-10,SA,2026-10-10T13:00:00Z,Genoa,Fiorentina,1X2_H,Victoire Genoa,0.4095200591787168,2.95,2026-10-06T15:59:15.682Z,,,betgpt-roi5-canonical-1.0.0,,,
ub-mainz05|bayerleverkusen-2026-10-10:1X2,ub-mainz05|bayerleverkusen-2026-10-10,BL,2026-10-10T13:30:00Z,Mainz 05,Bayer Leverkusen,1X2_A,Victoire Bayer Leverkusen,0.48337799144033583,2.17,2026-10-06T15:59:15.682Z,,,betgpt-roi5-canonical-1.0.0,,,
ub-paderborn07|vfbstuttgart-2026-10-10:1X2,ub-paderborn07|vfbstuttgart-2026-10-10,BL,2026-10-10T13:30:00Z,SC Paderborn 07,VfB Stuttgart,1X2_A,Victoire VfB Stuttgart,0.41045222090674544,1.58,2026-10-06T15:59:15.682Z,,,betgpt-roi5-canonical-1.0.0,,,
ub-tsghoffenheim|hamburgersv-2026-10-10:1X2,ub-tsghoffenheim|hamburgersv-2026-10-10,BL,2026-10-10T13:30:00Z,TSG Hoffenheim,Hamburger SV,1X2_H,Victoire TSG Hoffenheim,0.4937838743948,1.4,2026-10-06T15:59:15.682Z,,,betgpt-roi5-canonical-1.0.0,,,
ub-1unionberlin|elversberg-2026-10-10:1X2,ub-1unionberlin|elversberg-2026-10-10,BL,2026-10-10T13:30:00Z,1. FC Union Berlin,Elversberg,1X2_H,Victoire 1. FC Union Berlin,0.4335131724840319,2.23,2026-10-06T15:59:15.682Z,,,betgpt-roi5-canonical-1.0.0,,,
ub-augsburg|bayernmunich-2026-10-10:1X2,ub-augsburg|bayernmunich-2026-10-10,BL,2026-10-10T13:30:00Z,FC Augsburg,Bayern Munich,1X2_A,Victoire Bayern Munich,0.7153318041234703,1.2,2026-10-06T15:59:15.683Z,,,betgpt-roi5-canonical-1.0.0,,,
ub-chelsea|bournemouth-2026-10-10:1X2,ub-chelsea|bournemouth-2026-10-10,PL,2026-10-10T14:00:00Z,Chelsea,Bournemouth,1X2_H,Victoire Chelsea,0.5481718686191418,1.71,2026-10-06T15:59:15.683Z,,,betgpt-roi5-canonical-1.0.0,,,
ub-astonvilla|brentford-2026-10-10:1X2,ub-astonvilla|brentford-2026-10-10,PL,2026-10-10T14:00:00Z,Aston Villa,Brentford,1X2_H,Victoire Aston Villa,0.44845513470880827,2.6,2026-10-06T15:59:15.683Z,,,betgpt-roi5-canonical-1.0.0,,,
ub-ipswichtown|fulham-2026-10-10:1X2,ub-ipswichtown|fulham-2026-10-10,PL,2026-10-10T14:00:00Z,Ipswich Town,Fulham,1X2_H,Victoire Ipswich Town,0.4201327138866081,2.63,2026-10-06T15:59:15.683Z,,,betgpt-roi5-canonical-1.0.0,,,
ub-sunderland|brighton-2026-10-10:1X2,ub-sunderland|brighton-2026-10-10,PL,2026-10-10T14:00:00Z,Sunderland,Brighton,1X2_H,Victoire Sunderland,0.413646716365249,2.85,2026-10-06T15:59:15.683Z,,,betgpt-roi5-canonical-1.0.0,,,
ub-alaves|atleticomadrid-2026-10-10:1X2,ub-alaves|atleticomadrid-2026-10-10,LL,2026-10-10T14:15:00Z,Alaves,Atlético Madrid,1X2_A,Victoire Atlético Madrid,0.4963635186921068,1.85,2026-10-06T15:59:15.683Z,,,betgpt-roi5-canonical-1.0.0,,,
ub-lille|lehavre-2026-10-10:1X2,ub-lille|lehavre-2026-10-10,L1,2026-10-10T15:15:00Z,Lille,Le Havre,1X2_H,Victoire Lille,0.5214089673613804,1.4,2026-10-06T15:59:15.683Z,,,betgpt-roi5-canonical-1.0.0,,,
ub-inter|parma-2026-10-10:1X2,ub-inter|parma-2026-10-10,SA,2026-10-10T16:00:00Z,Inter,Parma,1X2_H,Victoire Inter,0.7876598207113232,1.12,2026-10-06T15:59:15.683Z,,,betgpt-roi5-canonical-1.0.0,,,
ub-manchesterunited|tottenham-2026-10-10:1X2,ub-manchesterunited|tottenham-2026-10-10,PL,2026-10-10T16:30:00Z,Manchester United,Tottenham,1X2_H,Victoire Manchester United,0.4270381739035963,1.72,2026-10-06T15:59:15.683Z,,,betgpt-roi5-canonical-1.0.0,,,
ub-barcelone|getafe-2026-10-10:1X2,ub-barcelone|getafe-2026-10-10,LL,2026-10-10T16:30:00Z,FC Barcelone,Getafe,1X2_H,Victoire FC Barcelone,0.8413901887482401,1.05,2026-10-06T15:59:15.683Z,,,betgpt-roi5-canonical-1.0.0,,,
ub-leipzig|eintrachtfrankfurt-2026-10-10:1X2,ub-leipzig|eintrachtfrankfurt-2026-10-10,BL,2026-10-10T16:30:00Z,RB Leipzig,Eintracht Frankfurt,1X2_H,Victoire RB Leipzig,0.5574934337868704,1.5,2026-10-06T15:59:15.683Z,,,betgpt-roi5-canonical-1.0.0,,,
ub-brest|angers-2026-10-10:1X2,ub-brest|angers-2026-10-10,L1,2026-10-10T18:45:00Z,Brest,Angers,1X2_H,Victoire Brest,0.45021714368356514,1.93,2026-10-06T15:59:15.683Z,,,betgpt-roi5-canonical-1.0.0,,,
ub-lorient|paris-2026-10-10:1X2,ub-lorient|paris-2026-10-10,L1,2026-10-10T18:45:00Z,Lorient,Paris FC,1X2_H,Victoire Lorient,0.40808218529038964,3,2026-10-06T15:59:15.684Z,,,betgpt-roi5-canonical-1.0.0,,,
ub-psg|lemans-2026-10-10:1X2,ub-psg|lemans-2026-10-10,L1,2026-10-10T18:45:00Z,PSG,Le Mans,1X2_H,Victoire PSG,0.8496408981433172,1.07,2026-10-06T15:59:15.684Z,,,betgpt-roi5-canonical-1.0.0,,,
ub-monaco|toulouse-2026-10-10:1X2,ub-monaco|toulouse-2026-10-10,L1,2026-10-10T18:45:00Z,AS Monaco,Toulouse,1X2_H,Victoire AS Monaco,0.47558852697743415,1.58,2026-10-06T15:59:15.684Z,,,betgpt-roi5-canonical-1.0.0,,,
ub-napoli|frosinone-2026-10-10:1X2,ub-napoli|frosinone-2026-10-10,SA,2026-10-10T18:45:00Z,Napoli,Frosinone,1X2_H,Victoire Napoli,0.5854853483468855,1.4,2026-10-06T15:59:15.684Z,,,betgpt-roi5-canonical-1.0.0,,,
ub-realmadrid|villarreal-2026-10-10:1X2,ub-realmadrid|villarreal-2026-10-10,LL,2026-10-10T19:00:00Z,Real Madrid,Villarreal,1X2_H,Victoire Real Madrid,0.7029936017826589,1.3,2026-10-06T15:59:15.684Z,,,betgpt-roi5-canonical-1.0.0,,,
ub-como|roma-2026-10-11:1X2,ub-como|roma-2026-10-11,SA,2026-10-11T10:30:00Z,Como,Roma,1X2_H,Victoire Como,0.4230327882761509,2.5,2026-10-06T15:59:15.684Z,,,betgpt-roi5-canonical-1.0.0,,,
ub-elche|celtavigo-2026-10-11:1X2,ub-elche|celtavigo-2026-10-11,LL,2026-10-11T12:00:00Z,Elche,Celta Vigo,1X2_H,Victoire Elche,0.41546357322483785,2.8,2026-10-06T15:59:15.684Z,,,betgpt-roi5-canonical-1.0.0,,,
ub-nice|strasbourg-2026-10-11:1X2,ub-nice|strasbourg-2026-10-11,L1,2026-10-11T13:00:00Z,Nice,Strasbourg,1X2_H,Victoire Nice,0.4290562676308943,2.35,2026-10-06T15:59:15.684Z,,,betgpt-roi5-canonical-1.0.0,,,
ub-crystalpalace|nottinghamforest-2026-10-11:1X2,ub-crystalpalace|nottinghamforest-2026-10-11,PL,2026-10-11T13:00:00Z,Crystal Palace,Nottingham Forest,1X2_H,Victoire Crystal Palace,0.420263133589034,2.65,2026-10-06T15:59:15.684Z,,,betgpt-roi5-canonical-1.0.0,,,
ub-hullcity|everton-2026-10-11:1X2,ub-hullcity|everton-2026-10-11,PL,2026-10-11T13:00:00Z,Hull City,Everton,1X2_H,Victoire Hull City,0.39433860793115594,3.75,2026-10-06T15:59:15.684Z,,,betgpt-roi5-canonical-1.0.0,,,
ub-lecce|bologna-2026-10-11:1X2,ub-lecce|bologna-2026-10-11,SA,2026-10-11T13:00:00Z,Lecce,Bologna,1X2_H,Victoire Lecce,0.3913070101909747,3.85,2026-10-06T15:59:15.684Z,,,betgpt-roi5-canonical-1.0.0,,,
ub-lazio|monza-2026-10-11:1X2,ub-lazio|monza-2026-10-11,SA,2026-10-11T13:00:00Z,Lazio,Monza,1X2_H,Victoire Lazio,0.4755760423733449,1.58,2026-10-06T15:59:15.685Z,,,betgpt-roi5-canonical-1.0.0,,,
ub-1koln|borussiamonchengladbach-2026-10-11:1X2,ub-1koln|borussiamonchengladbach-2026-10-11,BL,2026-10-11T13:30:00Z,1. FC Köln,Borussia Mönchengladbach,1X2_H,Victoire 1. FC Köln,0.4498225462609301,1.92,2026-10-06T15:59:15.685Z,,,betgpt-roi5-canonical-1.0.0,,,
ub-realsociedad|deportivoacoruna-2026-10-11:1X2,ub-realsociedad|deportivoacoruna-2026-10-11,LL,2026-10-11T14:15:00Z,Real Sociedad,Deportivo A Coruña,1X2_H,Victoire Real Sociedad,0.45774206401529727,1.68,2026-10-06T15:59:15.685Z,,,betgpt-roi5-canonical-1.0.0,,,
ub-rennes|auxerre-2026-10-11:1X2,ub-rennes|auxerre-2026-10-11,L1,2026-10-11T15:15:00Z,Rennes,Auxerre,1X2_H,Victoire Rennes,0.4935583525221716,1.4,2026-10-06T15:59:15.685Z,,,betgpt-roi5-canonical-1.0.0,,,
ub-liverpool|manchestercity-2026-10-11:1X2,ub-liverpool|manchestercity-2026-10-11,PL,2026-10-11T15:30:00Z,Liverpool,Manchester City,1X2_A,Victoire Manchester City,0.40776017930387926,2.48,2026-10-06T15:59:15.685Z,,,betgpt-roi5-canonical-1.0.0,,,
ub-freiburg|schalke04-2026-10-11:1X2,ub-freiburg|schalke04-2026-10-11,BL,2026-10-11T15:30:00Z,SC Freiburg,FC Schalke 04,1X2_H,Victoire SC Freiburg,0.4741991061462684,1.6,2026-10-06T15:59:15.685Z,,,betgpt-roi5-canonical-1.0.0,,,
ub-sassuolo|milan-2026-10-11:1X2,ub-sassuolo|milan-2026-10-11,SA,2026-10-11T16:00:00Z,Sassuolo,AC Milan,1X2_A,Victoire AC Milan,0.4740993014230537,1.78,2026-10-06T15:59:15.685Z,,,betgpt-roi5-canonical-1.0.0,,,
ub-realbetis|osasuna-2026-10-11:1X2,ub-realbetis|osasuna-2026-10-11,LL,2026-10-11T16:30:00Z,Real Betis,Osasuna,1X2_H,Victoire Real Betis,0.47579033545368565,1.6,2026-10-06T15:59:15.685Z,,,betgpt-roi5-canonical-1.0.0,,,
ub-troyes|marseille-2026-10-11:1X2,ub-troyes|marseille-2026-10-11,L1,2026-10-11T18:45:00Z,Troyes,Marseille,1X2_A,Victoire Marseille,0.4065888859541974,1.87,2026-10-06T15:59:15.685Z,,,betgpt-roi5-canonical-1.0.0,,,
ub-cagliari|juventus-2026-10-11:1X2,ub-cagliari|juventus-2026-10-11,SA,2026-10-11T18:45:00Z,Cagliari,Juventus,1X2_A,Victoire Juventus,0.4949884100166993,1.56,2026-10-06T15:59:15.686Z,,,betgpt-roi5-canonical-1.0.0,,,
ub-racingsantander|valencia-2026-10-11:1X2,ub-racingsantander|valencia-2026-10-11,LL,2026-10-11T19:00:00Z,Racing Santander,Valencia,1X2_H,Victoire Racing Santander,0.43684890624108735,2.25,2026-10-06T15:59:15.686Z,,,betgpt-roi5-canonical-1.0.0,,,
ub-atalanta|venezia-2026-10-12:1X2,ub-atalanta|venezia-2026-10-12,SA,2026-10-12T16:30:00Z,Atalanta,Venezia,1X2_H,Victoire Atalanta,0.5630304156963524,1.6,2026-10-06T15:59:15.686Z,,,betgpt-roi5-canonical-1.0.0,,,
ub-torino|udinese-2026-10-12:1X2,ub-torino|udinese-2026-10-12,SA,2026-10-12T18:45:00Z,Torino,Udinese,1X2_H,Victoire Torino,0.43210158827311246,2.28,2026-10-06T15:59:15.686Z,,,betgpt-roi5-canonical-1.0.0,,,
ub-coventrycity|newcastleunited-2026-10-12:1X2,ub-coventrycity|newcastleunited-2026-10-12,PL,2026-10-12T19:00:00Z,Coventry City,Newcastle United,1X2_A,Victoire Newcastle United,0.4240285835495228,2.14,2026-10-06T15:59:15.686Z,,,betgpt-roi5-canonical-1.0.0,,,
ub-levante|sevilla-2026-10-12:1X2,ub-levante|sevilla-2026-10-12,LL,2026-10-12T19:00:00Z,Levante,Sevilla,1X2_H,Victoire Levante,0.5365830180209342,2.65,2026-10-06T15:59:15.686Z,,,betgpt-roi5-canonical-1.0.0,,,
espn-401915435:1X2,espn-401915435,CL,2026-10-13T19:00Z,Galatasaray,Barcelona,1X2_A,Victoire Barcelona,0.8645037057638176,0,2026-10-06T15:59:15.687Z,,,betgpt-roi5-canonical-1.0.0,,,
espn-401915413:1X2,espn-401915413,CL,2026-10-13T19:00Z,Internazionale,Club Brugge,1X2_H,Victoire Internazionale,0.8125370617558456,0,2026-10-06T15:59:15.687Z,,,betgpt-roi5-canonical-1.0.0,,,
espn-401915411:1X2,espn-401915411,CL,2026-10-13T19:00Z,Viking FK,Bayern Munich,1X2_A,Victoire Bayern Munich,0.8717816228596363,1.1,2026-10-06T15:59:15.687Z,,,betgpt-roi5-canonical-1.0.0,,,
espn-401915416:1X2,espn-401915416,CL,2026-10-14T16:45Z,Feyenoord Rotterdam,Como,1X2_A,Victoire Como,0.8288250342477993,1.92,2026-10-06T15:59:15.688Z,,,betgpt-roi5-canonical-1.0.0,,,
espn-401915393:1X2,espn-401915393,CL,2026-10-14T19:00Z,Bodo/Glimt,Borussia Dortmund,1X2_A,Victoire Borussia Dortmund,0.799445198064144,2.02,2026-10-06T15:59:15.688Z,,,betgpt-roi5-canonical-1.0.0,,,
ub-unionsaintgilloise|realsociedad-2026-10-15:1X2,ub-unionsaintgilloise|realsociedad-2026-10-15,EL,2026-10-15T16:45:00Z,Union Saint-Gilloise,Real Sociedad,1X2_H,Victoire Union Saint-Gilloise,0.43369234748261676,2.38,2026-10-06T15:59:15.688Z,,,betgpt-roi5-canonical-1.0.0,,,
espn-401915573:1X2,espn-401915573,EL,2026-10-15T16:45Z,AZ Alkmaar,Hapoel Be'er,1X2_A,Victoire Hapoel Be'er,0.3478349574782842,9,2026-10-06T15:59:15.689Z,,,betgpt-roi5-canonical-1.0.0,,,
espn-401915576:1X2,espn-401915576,EL,2026-10-15T16:45Z,Lech Poznan,Bayer Leverkusen,1X2_A,Victoire Bayer Leverkusen,0.8198511827982212,1.72,2026-10-06T15:59:15.689Z,,,betgpt-roi5-canonical-1.0.0,,,
espn-401915577:1X2,espn-401915577,EL,2026-10-15T16:45Z,NK Celje,Omonia Nicosia,1X2_A,Victoire Omonia Nicosia,0.6732578128088099,2.9,2026-10-06T15:59:15.689Z,,,betgpt-roi5-canonical-1.0.0,,,
espn-401915568:1X2,espn-401915568,EL,2026-10-15T16:45Z,RB Salzburg,AC Milan,1X2_A,Victoire AC Milan,0.39191655599700315,1.8,2026-10-06T15:59:15.689Z,,,betgpt-roi5-canonical-1.0.0,,,
espn-401915575:1X2,espn-401915575,EL,2026-10-15T16:45Z,Torreense,Sunderland,1X2_H,Victoire Torreense,0.40660597683592037,6,2026-10-06T15:59:15.689Z,,,betgpt-roi5-canonical-1.0.0,,,
espn-401915574:1X2,espn-401915574,EL,2026-10-15T16:45Z,Union St.-Gilloise,Real Sociedad,1X2_H,Victoire Union St.-Gilloise,0.7576119431725389,0,2026-10-06T15:59:15.689Z,,,betgpt-roi5-canonical-1.0.0,,,
ub-jagielloniabiaystok|araratarmenia-2026-10-15:1X2,ub-jagielloniabiaystok|araratarmenia-2026-10-15,EL,2026-10-15T19:00:00Z,Jagiellonia Białystok,Ararat-Armenia FC,1X2_H,Victoire Jagiellonia Białystok,0.4944207914346482,1.44,2026-10-06T15:59:15.689Z,,,betgpt-roi5-canonical-1.0.0,,,
espn-401915571:1X2,espn-401915571,EL,2026-10-15T19:00Z,AFC Bournemouth,SK Sturm Graz,1X2_H,Victoire AFC Bournemouth,0.6611805826951191,1.22,2026-10-06T15:59:15.690Z,,,betgpt-roi5-canonical-1.0.0,,,
espn-401915562:1X2,espn-401915562,EL,2026-10-15T19:00Z,Benfica,Celtic,1X2_H,Victoire Benfica,0.873242227010618,1.23,2026-10-06T15:59:15.690Z,,,betgpt-roi5-canonical-1.0.0,,,
espn-401915560:1X2,espn-401915560,EL,2026-10-15T19:00Z,Celta Vigo,Juventus,1X2_A,Victoire Juventus,0.6423038879780578,2.12,2026-10-06T15:59:15.690Z,,,betgpt-roi5-canonical-1.0.0,,,
espn-401915549:1X2,espn-401915549,EL,2026-10-15T19:00Z,Dinamo Zagreb,Anderlecht,1X2_H,Victoire Dinamo Zagreb,0.5088498947034636,1.9,2026-10-06T15:59:15.690Z,,,betgpt-roi5-canonical-1.0.0,,,
espn-401915564:1X2,espn-401915564,EL,2026-10-15T19:00Z,Ferencvaros,Viktoria Plzen,1X2_H,Victoire Ferencvaros,0.8731946450399732,1.91,2026-10-06T15:59:15.690Z,,,betgpt-roi5-canonical-1.0.0,,,
espn-401915561:1X2,espn-401915561,EL,2026-10-15T19:00Z,Jagiellonia Bialystok,Ararat-Armenia,1X2_H,Victoire Jagiellonia Bialystok,0.6020874371684876,0,2026-10-06T15:59:15.690Z,,,betgpt-roi5-canonical-1.0.0,,,
espn-401915565:1X2,espn-401915565,EL,2026-10-15T19:00Z,NEC Nijmegen,Levski Sofia,1X2_A,Victoire Levski Sofia,0.7743938653533412,3.95,2026-10-06T15:59:15.691Z,,,betgpt-roi5-canonical-1.0.0,,,
espn-401915563:1X2,espn-401915563,EL,2026-10-15T19:00Z,TSG Hoffenheim,Besiktas,1X2_A,Victoire Besiktas,0.8199630491353853,3.3,2026-10-06T15:59:15.691Z,,,betgpt-roi5-canonical-1.0.0,,,
ub-lemans|toulouse-2026-10-16:1X2,ub-lemans|toulouse-2026-10-16,L1,2026-10-16T18:45:00Z,Le Mans,Toulouse,1X2_H,Victoire Le Mans,0.40444448103513436,3.15,2026-10-06T15:59:15.691Z,,,betgpt-roi5-canonical-1.0.0,,,
ub-frosinone|sassuolo-2026-10-16:1X2,ub-frosinone|sassuolo-2026-10-16,SA,2026-10-16T18:45:00Z,Frosinone,Sassuolo,1X2_H,Victoire Frosinone,0.42546733816113225,2.45,2026-10-06T15:59:15.691Z,,,betgpt-roi5-canonical-1.0.0,,,
ub-deportivoacoruna|levante-2026-10-16:1X2,ub-deportivoacoruna|levante-2026-10-16,LL,2026-10-16T19:00:00Z,Deportivo A Coruña,Levante,1X2_A,Victoire Levante,0.4436884508302389,3.6,2026-10-06T15:59:15.691Z,,,betgpt-roi5-canonical-1.0.0,,,
ub-everton|chelsea-2026-10-17:1X2,ub-everton|chelsea-2026-10-17,PL,2026-10-17T11:30:00Z,Everton,Chelsea,1X2_A,Victoire Chelsea,0.4496418028047896,2.3,2026-10-06T15:59:15.691Z,,,betgpt-roi5-canonical-1.0.0,,,
ub-espanyol|atleticomadrid-2026-10-17:1X2,ub-espanyol|atleticomadrid-2026-10-17,LL,2026-10-17T12:00:00Z,Espanyol,Atlético Madrid,1X2_A,Victoire Atlético Madrid,0.4960456406127341,1.86,2026-10-06T15:59:15.691Z,,,betgpt-roi5-canonical-1.0.0,,,
ub-venezia|napoli-2026-10-17:1X2,ub-venezia|napoli-2026-10-17,SA,2026-10-17T13:00:00Z,Venezia,Napoli,1X2_A,Victoire Napoli,0.4891461979159386,1.75,2026-10-06T15:59:15.691Z,,,betgpt-roi5-canonical-1.0.0,,,
ub-brentford|liverpool-2026-10-17:1X2,ub-brentford|liverpool-2026-10-17,PL,2026-10-17T14:00:00Z,Brentford,Liverpool,1X2_A,Victoire Liverpool,0.5396418612294538,2.45,2026-10-06T15:59:15.691Z,,,betgpt-roi5-canonical-1.0.0,,,
ub-manchestercity|ipswichtown-2026-10-17:1X2,ub-manchestercity|ipswichtown-2026-10-17,PL,2026-10-17T14:00:00Z,Manchester City,Ipswich Town,1X2_H,Victoire Manchester City,0.7267093736633243,1.24,2026-10-06T15:59:15.691Z,,,betgpt-roi5-canonical-1.0.0,,,
ub-fulham|hullcity-2026-10-17:1X2,ub-fulham|hullcity-2026-10-17,PL,2026-10-17T14:00:00Z,Fulham,Hull City,1X2_H,Victoire Fulham,0.4682288763876494,1.72,2026-10-06T15:59:15.692Z,,,betgpt-roi5-canonical-1.0.0,,,
ub-villarreal|elche-2026-10-17:1X2,ub-villarreal|elche-2026-10-17,LL,2026-10-17T14:15:00Z,Villarreal,Elche,1X2_H,Victoire Villarreal,0.48924080739274056,1.45,2026-10-06T15:59:15.692Z,,,betgpt-roi5-canonical-1.0.0,,,
ub-strasbourg|psg-2026-10-17:1X2,ub-strasbourg|psg-2026-10-17,L1,2026-10-17T15:15:00Z,Strasbourg,PSG,1X2_A,Victoire PSG,0.6508912987334401,1.4,2026-10-06T15:59:15.692Z,,,betgpt-roi5-canonical-1.0.0,,,
ub-bologna|inter-2026-10-17:1X2,ub-bologna|inter-2026-10-17,SA,2026-10-17T16:00:00Z,Bologna,Inter,1X2_A,Victoire Inter,0.5939799744002594,1.61,2026-10-06T15:59:15.692Z,,,betgpt-roi5-canonical-1.0.0,,,
ub-newcastleunited|astonvilla-2026-10-17:1X2,ub-newcastleunited|astonvilla-2026-10-17,PL,2026-10-17T16:30:00Z,Newcastle United,Aston Villa,1X2_H,Victoire Newcastle United,0.46034212311259504,2.1,2026-10-06T15:59:15.692Z,,,betgpt-roi5-canonical-1.0.0,,,
ub-realbetis|barcelone-2026-10-17:1X2,ub-realbetis|barcelone-2026-10-17,LL,2026-10-17T16:30:00Z,Real Betis,FC Barcelone,1X2_A,Victoire FC Barcelone,0.42689634802896864,1.44,2026-10-06T15:59:15.692Z,,,betgpt-roi5-canonical-1.0.0,,,
ub-troyes|lens-2026-10-17:1X2,ub-troyes|lens-2026-10-17,L1,2026-10-17T18:45:00Z,Troyes,Lens,1X2_A,Victoire Lens,0.3933450680565706,1.8,2026-10-06T15:59:15.692Z,,,betgpt-roi5-canonical-1.0.0,,,
ub-lille|brest-2026-10-17:1X2,ub-lille|brest-2026-10-17,L1,2026-10-17T18:45:00Z,Lille,Brest,1X2_H,Victoire Lille,0.5014702904733596,1.6,2026-10-06T15:59:15.692Z,,,betgpt-roi5-canonical-1.0.0,,,
ub-roma|genoa-2026-10-17:1X2,ub-roma|genoa-2026-10-17,SA,2026-10-17T18:45:00Z,Roma,Genoa,1X2_H,Victoire Roma,0.5078965663268693,1.29,2026-10-06T15:59:15.692Z,,,betgpt-roi5-canonical-1.0.0,,,
ub-valencia|athleticbilbao-2026-10-17:1X2,ub-valencia|athleticbilbao-2026-10-17,LL,2026-10-17T19:00:00Z,Valencia,Athletic Bilbao,1X2_A,Victoire Athletic Bilbao,0.4044482404634725,2.12,2026-10-06T15:59:15.693Z,,,betgpt-roi5-canonical-1.0.0,,,
ub-udinese|lecce-2026-10-18:1X2,ub-udinese|lecce-2026-10-18,SA,2026-10-18T10:30:00Z,Udinese,Lecce,1X2_H,Victoire Udinese,0.45724300659578604,1.82,2026-10-06T15:59:15.693Z,,,betgpt-roi5-canonical-1.0.0,,,
ub-angers|marseille-2026-10-18:1X2,ub-angers|marseille-2026-10-18,L1,2026-10-18T13:00:00Z,Angers,Marseille,1X2_H,Victoire Angers,0.39886263774263075,3.1,2026-10-06T15:59:15.693Z,,,betgpt-roi5-canonical-1.0.0,,,
ub-bournemouth|sunderland-2026-10-18:1X2,ub-bournemouth|sunderland-2026-10-18,PL,2026-10-18T13:00:00Z,Bournemouth,Sunderland,1X2_H,Victoire Bournemouth,0.4498101327720173,2,2026-10-06T15:59:15.693Z,,,betgpt-roi5-canonical-1.0.0,,,
ub-brighton|crystalpalace-2026-10-18:1X2,ub-brighton|crystalpalace-2026-10-18,PL,2026-10-18T13:00:00Z,Brighton,Crystal Palace,1X2_H,Victoire Brighton,0.4784966708140618,1.6,2026-10-06T15:59:15.693Z,,,betgpt-roi5-canonical-1.0.0,,,
ub-leedsunited|manchesterunited-2026-10-18:1X2,ub-leedsunited|manchesterunited-2026-10-18,PL,2026-10-18T13:00:00Z,Leeds United,Manchester United,1X2_H,Victoire Leeds United,0.4387041515399804,2.95,2026-10-06T15:59:15.693Z,,,betgpt-roi5-canonical-1.0.0,,,
ub-fiorentina|como-2026-10-18:1X2,ub-fiorentina|como-2026-10-18,SA,2026-10-18T13:00:00Z,Fiorentina,Como,1X2_H,Victoire Fiorentina,0.39689495862364327,3.5,2026-10-06T15:59:15.694Z,,,betgpt-roi5-canonical-1.0.0,,,
ub-celtavigo|alaves-2026-10-18:1X2,ub-celtavigo|alaves-2026-10-18,LL,2026-10-18T14:15:00Z,Celta Vigo,Alaves,1X2_H,Victoire Celta Vigo,0.4479259158284109,2,2026-10-06T15:59:15.694Z,,,betgpt-roi5-canonical-1.0.0,,,
ub-paris|rennes-2026-10-18:1X2,ub-paris|rennes-2026-10-18,L1,2026-10-18T15:15:00Z,Paris FC,Rennes,1X2_H,Victoire Paris FC,0.4346117842980015,2.23,2026-10-06T15:59:15.694Z,,,betgpt-roi5-canonical-1.0.0,,,
ub-lehavre|auxerre-2026-10-18:1X2,ub-lehavre|auxerre-2026-10-18,L1,2026-10-18T15:15:00Z,Le Havre,Auxerre,1X2_H,Victoire Le Havre,0.4290213878828876,2.35,2026-10-06T15:59:15.694Z,,,betgpt-roi5-canonical-1.0.0,,,
ub-lorient|monaco-2026-10-18:1X2,ub-lorient|monaco-2026-10-18,L1,2026-10-18T15:15:00Z,Lorient,AS Monaco,1X2_H,Victoire Lorient,0.3963856455588667,3.55,2026-10-06T15:59:15.694Z,,,betgpt-roi5-canonical-1.0.0,,,
ub-nottinghamforest|arsenal-2026-10-18:1X2,ub-nottinghamforest|arsenal-2026-10-18,PL,2026-10-18T15:30:00Z,Nottingham Forest,Arsenal,1X2_A,Victoire Arsenal,0.6260076212155522,1.58,2026-10-06T15:59:15.694Z,,,betgpt-roi5-canonical-1.0.0,,,
ub-milan|atalanta-2026-10-18:1X2,ub-milan|atalanta-2026-10-18,SA,2026-10-18T16:00:00Z,AC Milan,Atalanta,1X2_H,Victoire AC Milan,0.4602770354377545,1.83,2026-10-06T15:59:15.694Z,,,betgpt-roi5-canonical-1.0.0,,,
ub-malaga|realsociedad-2026-10-18:1X2,ub-malaga|realsociedad-2026-10-18,LL,2026-10-18T16:30:00Z,Málaga,Real Sociedad,1X2_H,Victoire Málaga,0.4071771245776012,3.25,2026-10-06T15:59:15.694Z,,,betgpt-roi5-canonical-1.0.0,,,
ub-lyon|nice-2026-10-18:1X2,ub-lyon|nice-2026-10-18,L1,2026-10-18T18:45:00Z,Lyon,Nice,1X2_H,Victoire Lyon,0.46171168598483886,1.64,2026-10-06T15:59:15.694Z,,,betgpt-roi5-canonical-1.0.0,,,
ub-juventus|lazio-2026-10-18:1X2,ub-juventus|lazio-2026-10-18,SA,2026-10-18T18:45:00Z,Juventus,Lazio,1X2_H,Victoire Juventus,0.5500822268374443,1.65,2026-10-06T15:59:15.694Z,,,betgpt-roi5-canonical-1.0.0,,,
ub-realmadrid|sevilla-2026-10-18:1X2,ub-realmadrid|sevilla-2026-10-18,LL,2026-10-18T19:00:00Z,Real Madrid,Sevilla,1X2_H,Victoire Real Madrid,0.7113027263261253,1.25,2026-10-06T15:59:15.695Z,,,betgpt-roi5-canonical-1.0.0,,,
ub-monza|cagliari-2026-10-19:1X2,ub-monza|cagliari-2026-10-19,SA,2026-10-19T16:30:00Z,Monza,Cagliari,1X2_H,Victoire Monza,0.4394387586979327,2.14,2026-10-06T15:59:15.695Z,,,betgpt-roi5-canonical-1.0.0,,,
ub-parma|torino-2026-10-19:1X2,ub-parma|torino-2026-10-19,SA,2026-10-19T18:45:00Z,Parma,Torino,1X2_H,Victoire Parma,0.4061278756652406,3.1,2026-10-06T15:59:15.695Z,,,betgpt-roi5-canonical-1.0.0,,,
ub-tottenham|coventrycity-2026-10-19:1X2,ub-tottenham|coventrycity-2026-10-19,PL,2026-10-19T19:00:00Z,Tottenham,Coventry City,1X2_H,Victoire Tottenham,0.5207450018481271,1.5,2026-10-06T15:59:15.695Z,,,betgpt-roi5-canonical-1.0.0,,,
ub-getafe|rayovallecano-2026-10-19:1X2,ub-getafe|rayovallecano-2026-10-19,LL,2026-10-19T19:00:00Z,Getafe,Rayo Vallecano,1X2_H,Victoire Getafe,0.41855892162873803,2.7,2026-10-06T15:59:15.695Z,,,betgpt-roi5-canonical-1.0.0,,,
espn-401915403:1X2,espn-401915403,CL,2026-10-20T16:45Z,Fenerbahce,Slavia Prague,1X2_H,Victoire Fenerbahce,0.5515106852773098,0,2026-10-06T15:59:15.695Z,,,betgpt-roi5-canonical-1.0.0,,,
espn-401915404:1X2,espn-401915404,CL,2026-10-20T16:45Z,Sabah FK,Borussia Dortmund,1X2_A,Victoire Borussia Dortmund,0.8462614907966083,0,2026-10-06T15:59:15.695Z,,,betgpt-roi5-canonical-1.0.0,,,
espn-401915402:1X2,espn-401915402,CL,2026-10-20T19:00Z,AS Roma,Slovan Bratislava,1X2_H,Victoire AS Roma,0.7069217885396462,0,2026-10-06T15:59:15.696Z,,,betgpt-roi5-canonical-1.0.0,,,
espn-401915398:1X2,espn-401915398,CL,2026-10-20T19:00Z,FC Porto,PSV Eindhoven,1X2_A,Victoire PSV Eindhoven,0.6226060397131103,0,2026-10-06T15:59:15.696Z,,,betgpt-roi5-canonical-1.0.0,,,
espn-401915397:1X2,espn-401915397,CL,2026-10-20T19:00Z,Liverpool,Villarreal,1X2_H,Victoire Liverpool,0.6848939979571864,0,2026-10-06T15:59:15.696Z,,,betgpt-roi5-canonical-1.0.0,,,
espn-401915401:1X2,espn-401915401,CL,2026-10-20T19:00Z,Manchester City,AEK Athens,1X2_H,Victoire Manchester City,0.5993174156946613,0,2026-10-06T15:59:15.696Z,,,betgpt-roi5-canonical-1.0.0,,,
espn-401915400:1X2,espn-401915400,CL,2026-10-20T19:00Z,Napoli,Bodo/Glimt,1X2_H,Victoire Napoli,0.8569482691618744,0,2026-10-06T15:59:15.696Z,,,betgpt-roi5-canonical-1.0.0,,,
espn-401915392:1X2,espn-401915392,CL,2026-10-20T19:00Z,VfB Stuttgart,Atlético de Madrid,1X2_H,Victoire VfB Stuttgart,0.4827471846418231,0,2026-10-06T15:59:15.696Z,,,betgpt-roi5-canonical-1.0.0,,,
espn-401915395:1X2,espn-401915395,CL,2026-10-21T16:45Z,Como,Manchester United,1X2_H,Victoire Como,0.7309618930789527,0,2026-10-06T15:59:15.696Z,,,betgpt-roi5-canonical-1.0.0,,,
espn-401915394:1X2,espn-401915394,CL,2026-10-21T19:00Z,Aston Villa,Viking FK,1X2_H,Victoire Aston Villa,0.7810716455575055,0,2026-10-06T15:59:15.696Z,,,betgpt-roi5-canonical-1.0.0,,,
espn-401915312:1X2,espn-401915312,CL,2026-10-21T19:00Z,Bayern Munich,Arsenal,1X2_H,Victoire Bayern Munich,0.4289701698301667,0,2026-10-06T15:59:15.697Z,,,betgpt-roi5-canonical-1.0.0,,,
espn-401915390:1X2,espn-401915390,CL,2026-10-21T19:00Z,Internazionale,Shakhtar Donetsk,1X2_H,Victoire Internazionale,0.7165575747350443,0,2026-10-06T15:59:15.697Z,,,betgpt-roi5-canonical-1.0.0,,,
espn-401915389:1X2,espn-401915389,CL,2026-10-21T19:00Z,Real Betis,Feyenoord Rotterdam,1X2_H,Victoire Real Betis,0.845705767084832,0,2026-10-06T15:59:15.697Z,,,betgpt-roi5-canonical-1.0.0,,,
espn-401915313:1X2,espn-401915313,CL,2026-10-21T19:00Z,Real Madrid,RB Leipzig,1X2_H,Victoire Real Madrid,0.6112865306190111,0,2026-10-06T15:59:15.697Z,,,betgpt-roi5-canonical-1.0.0,,,
espn-401915391:1X2,espn-401915391,CL,2026-10-21T19:00Z,Sporting CP,LASK Linz,1X2_H,Victoire Sporting CP,0.825475207776603,0,2026-10-06T15:59:15.697Z,,,betgpt-roi5-canonical-1.0.0,,,
espn-401915548:1X2,espn-401915548,EL,2026-10-22T16:45Z,Ararat-Armenia,AZ Alkmaar,1X2_A,Victoire AZ Alkmaar,0.41089872905219305,0,2026-10-06T15:59:15.698Z,,,betgpt-roi5-canonical-1.0.0,,,
espn-401915556:1X2,espn-401915556,EL,2026-10-22T16:45Z,Dinamo Zagreb,NEC Nijmegen,1X2_H,Victoire Dinamo Zagreb,0.6947497904279719,0,2026-10-06T15:59:15.698Z,,,betgpt-roi5-canonical-1.0.0,,,
espn-401915558:1X2,espn-401915558,EL,2026-10-22T16:45Z,Ferencvaros,Torreense,1X2_H,Victoire Ferencvaros,0.5940177655257783,0,2026-10-06T15:59:15.698Z,,,betgpt-roi5-canonical-1.0.0,,,
espn-401915546:1X2,espn-401915546,EL,2026-10-22T16:45Z,Lech Poznan,Sunderland,1X2_A,Victoire Sunderland,0.7498422501867352,0,2026-10-06T15:59:15.698Z,,,betgpt-roi5-canonical-1.0.0,,,
espn-401915559:1X2,espn-401915559,EL,2026-10-22T16:45Z,OFI Crete,Bayer Leverkusen,1X2_H,Victoire OFI Crete,0.5364680944902739,0,2026-10-06T15:59:15.698Z,,,betgpt-roi5-canonical-1.0.0,,,
espn-401915545:1X2,espn-401915545,EL,2026-10-22T16:45Z,Union St.-Gilloise,Hapoel Be'er,1X2_H,Victoire Union St.-Gilloise,0.7254848465209655,0,2026-10-06T15:59:15.698Z,,,betgpt-roi5-canonical-1.0.0,,,
espn-401915552:1X2,espn-401915552,EL,2026-10-22T19:00Z,AFC Bournemouth,AC Milan,1X2_H,Victoire AFC Bournemouth,0.45855650479693677,0,2026-10-06T15:59:15.698Z,,,betgpt-roi5-canonical-1.0.0,,,
espn-401915553:1X2,espn-401915553,EL,2026-10-22T19:00Z,Besiktas,Crystal Palace,1X2_A,Victoire Crystal Palace,0.5014362641238557,0,2026-10-06T15:59:15.699Z,,,betgpt-roi5-canonical-1.0.0,,,
espn-401915555:1X2,espn-401915555,EL,2026-10-22T19:00Z,Celtic,Celta Vigo,1X2_H,Victoire Celtic,0.38527646573965746,0,2026-10-06T15:59:15.699Z,,,betgpt-roi5-canonical-1.0.0,,,
espn-401915542:1X2,espn-401915542,EL,2026-10-22T19:00Z,Jagiellonia Bialystok,Anderlecht,1X2_H,Victoire Jagiellonia Bialystok,0.4536393736281997,0,2026-10-06T15:59:15.699Z,,,betgpt-roi5-canonical-1.0.0,,,
espn-401915541:1X2,espn-401915541,EL,2026-10-22T19:00Z,NK Celje,RB Salzburg,1X2_A,Victoire RB Salzburg,0.7502411217697653,0,2026-10-06T15:59:15.699Z,,,betgpt-roi5-canonical-1.0.0,,,
espn-401915554:1X2,espn-401915554,EL,2026-10-22T19:00Z,Olympiacos,Sparta Prague,1X2_A,Victoire Sparta Prague,0.5104089127852779,0,2026-10-06T15:59:15.699Z,,,betgpt-roi5-canonical-1.0.0,,,
espn-401915544:1X2,espn-401915544,EL,2026-10-22T19:00Z,Omonia Nicosia,Benfica,1X2_A,Victoire Benfica,0.4882710686872922,0,2026-10-06T15:59:15.699Z,,,betgpt-roi5-canonical-1.0.0,,,
espn-401915539:1X2,espn-401915539,EL,2026-10-22T19:00Z,Viktoria Plzen,Levski Sofia,1X2_A,Victoire Levski Sofia,0.8499031098260965,0,2026-10-06T15:59:15.699Z,,,betgpt-roi5-canonical-1.0.0,,,
seed:brentford-sunderland:1X2_H,seed-brentford-sunderland,,2026-09-05T15:00:00.000Z,Brentford,Sunderland,1X2_H,1 — Domicile,0.765,1.66,2026-09-04T18:00:00.000Z,2026-10-06T15:59:15.728Z,,,lose,1,1
ub-manchesterunited|manchestercity-2026-09-13:1X2_A:mise,ub-manchesterunited|manchestercity-2026-09-13,PL,2026-09-13T15:30:00Z,Manchester United,Manchester City,1X2_A,Victoire Manchester City,0.5531697537903386,2.14,2026-09-10T07:32:28.594Z,2026-10-06T15:59:15.728Z,,,,,
espn-401882876:1X2_H:mise,espn-401882876,LL,2026-09-15T18:00Z,Alavés,Valencia,1X2_H,Victoire Alavés,0.8030809704648008,2.23,2026-09-08T13:33:47.388Z,2026-10-06T15:59:15.728Z,,,,,
espn-401915586:1X2_H:mise,espn-401915586,EL,2026-09-16T19:00Z,AC Milan,Benfica,1X2_H,Victoire AC Milan,0.40208874358094554,2.05,2026-09-09T09:17:36.716Z,2026-10-06T15:59:15.729Z,,,,,
espn-401882874:1X2_H:mise,espn-401882874,LL,2026-09-17T17:00Z,Real Betis,Getafe,1X2_H,Victoire Real Betis,0.6079785117578123,1.82,2026-09-09T12:42:01.573Z,2026-10-06T15:59:15.729Z,,,,,
espn-401915583:1X2_H:mise,espn-401915583,EL,2026-09-17T19:00Z,Real Sociedad,AFC Bournemouth,1X2_H,Victoire Real Sociedad,0.3519028325597839,2.7,2026-09-09T13:34:36.657Z,2026-10-06T15:59:15.729Z,,,,,
espn-401874936:1X2_A:mise,espn-401874936,SA,2026-09-13T13:00Z,Lecce,Monza,1X2_A,Victoire Monza,0.3780489717996567,2.85,2026-09-09T19:01:08.781Z,2026-10-06T15:59:15.729Z,,,,,
espn-401882869:1X2_A:mise,espn-401882869,LL,2026-09-17T19:30Z,Málaga,Villarreal,1X2_A,Victoire Villarreal,0.5406936166853383,2.12,2026-09-10T05:29:51.265Z,2026-10-06T15:59:15.729Z,,,,,
ub-sevilla|valencia-2026-09-11:BTTS_Y:mise,ub-sevilla|valencia-2026-09-11,LL,2026-09-11T19:00:00Z,Sevilla,Valencia,BTTS_Y,BTTS_Y,0.55268530304571,1.98,2026-09-10T07:32:28.594Z,2026-10-06T15:59:15.729Z,,,lose,1,0
ub-hapoelbeersheva|dinamozagreb-2026-09-16:1X2_H:mise,ub-hapoelbeersheva|dinamozagreb-2026-09-16,EL,2026-09-16T19:00:00Z,Hapoel Beer Sheva,Dinamo Zagreb,1X2_H,Victoire Hapoel Beer Sheva,0.38996566980400893,3.4,2026-09-10T07:32:28.595Z,2026-10-06T15:59:15.730Z,,,,,
ub-levskisofia|redbullsalzburg-2026-09-17:1X2_H:mise,ub-levskisofia|redbullsalzburg-2026-09-17,EL,2026-09-17T16:45:00Z,Levski Sofia,Red Bull Salzburg,1X2_H,Victoire Levski Sofia,0.6416003127096802,3,2026-09-10T07:32:28.595Z,2026-10-06T15:59:15.730Z,,,,,
ub-viktoriaplzen|unionsaintgilloise-2026-09-17:1X2_H:mise,ub-viktoriaplzen|unionsaintgilloise-2026-09-17,EL,2026-09-17T19:00:00Z,Viktoria Plzeň,Union Saint-Gilloise,1X2_H,Victoire Viktoria Plzeň,0.39467757097988054,2.55,2026-09-10T07:32:28.595Z,2026-10-06T15:59:15.730Z,,,,,
ub-roma|inter-2026-09-19:1X2_A:mise,ub-roma|inter-2026-09-19,SA,2026-09-19T16:00:00Z,Roma,Inter,1X2_A,Victoire Inter,0.4894890879799878,2.63,2026-09-10T07:32:28.595Z,2026-10-06T15:59:15.730Z,,,,,
ub-vfbstuttgart|borussiadortmund-2026-09-19:1X2_A:mise,ub-vfbstuttgart|borussiadortmund-2026-09-19,BL,2026-09-19T16:30:00Z,VfB Stuttgart,Borussia Dortmund,1X2_A,Victoire Borussia Dortmund,0.4005613717523612,2.85,2026-09-10T07:32:28.595Z,2026-10-06T15:59:15.730Z,,,,,
ub-psveindhoven|shakhtardonetsk-2026-09-10:1X2_H:mise,ub-psveindhoven|shakhtardonetsk-2026-09-10,CL,2026-09-10T16:46:00Z,PSV Eindhoven,Shakhtar Donetsk,1X2_H,Victoire PSV Eindhoven,0.38999434668511457,3.4,2026-09-10T17:25:01.278Z,2026-10-06T15:59:15.730Z,,,lose,1,1
ub-mainz05|eintrachtfrankfurt-2026-09-12:OU_25_U:mise,ub-mainz05|eintrachtfrankfurt-2026-09-12,BL,2026-09-12T13:30:00Z,Mainz 05,Eintracht Frankfurt,OU_25_U,OU_25_U,0.44824197726418946,2.5,2026-09-10T18:02:35.725Z,2026-10-06T15:59:15.730Z,,,,,
ub-borussiadortmund|paderborn07-2026-09-12:OU_25_U:mise,ub-borussiadortmund|paderborn07-2026-09-12,BL,2026-09-12T13:30:00Z,Borussia Dortmund,SC Paderborn 07,OU_25_U,OU_25_U,0.3981225953338666,3.1,2026-09-10T18:02:35.725Z,2026-10-06T15:59:15.731Z,,,lose,3,0
ub-paris|lyon-2026-09-12:1X2_H:mise,ub-paris|lyon-2026-09-12,L1,2026-09-12T18:45:00Z,Paris FC,Lyon,1X2_H,Victoire Paris FC,0.42806862379183774,2.6,2026-09-10T18:02:35.725Z,2026-10-06T15:59:15.731Z,,,,,
espn-401915611:1X2_A:mise,espn-401915611,EL,2026-09-16T16:45Z,Omonia Nicosia,Celta Vigo,1X2_A,Victoire Celta Vigo,0.4315990125021368,1.95,2026-09-10T18:02:35.725Z,2026-10-06T15:59:15.731Z,,,,,
espn-401915584:1X2_H:mise,espn-401915584,EL,2026-09-17T16:45Z,Levski Sofia,RB Salzburg,1X2_H,Victoire Levski Sofia,0.37851638427555995,3,2026-09-10T18:02:35.725Z,2026-10-06T15:59:15.731Z,,,,,
ub-augsburg|bayerleverkusen-2026-09-12:OU_25_U:mise,ub-augsburg|bayerleverkusen-2026-09-12,BL,2026-09-12T13:30:00Z,FC Augsburg,Bayer Leverkusen,OU_25_U,OU_25_U,0.4332186691960178,2.7,2026-09-10T19:08:17.707Z,2026-10-06T15:59:15.731Z,,,lose,2,2
ub-tsghoffenheim|vfbstuttgart-2026-09-12:OU_25_U:mise,ub-tsghoffenheim|vfbstuttgart-2026-09-12,BL,2026-09-12T13:30:00Z,TSG Hoffenheim,VfB Stuttgart,OU_25_U,OU_25_U,0.4345276915499038,3.3,2026-09-10T19:08:17.707Z,2026-10-06T15:59:15.732Z,,,lose,2,1
ub-rennes|marseille-2026-09-11:OU_25_U:mise,ub-rennes|marseille-2026-09-11,L1,2026-09-11T18:45:00Z,Rennes,Marseille,OU_25_U,OU_25_U,0.4352621423041697,2.65,2026-09-11T07:54:28.090Z,2026-10-06T15:59:15.732Z,,,,,
ub-roma|realmadrid-2026-10-14:1X2_A:mise,ub-roma|realmadrid-2026-10-14,CL,2026-10-14T19:00:00Z,Roma,Real Madrid,1X2_A,Victoire Real Madrid,0.5278740612581627,1.78,2026-09-11T07:54:28.091Z,,,,,,
ub-realbetis|porto-2026-10-14:1X2_H:mise,ub-realbetis|porto-2026-10-14,CL,2026-10-14T19:00:00Z,Real Betis,FC Porto,1X2_H,Victoire Real Betis,0.40496483150231893,2.16,2026-09-11T07:54:28.091Z,,,,,,
ub-villarreal|napoli-2026-10-13:1X2_A:mise,ub-villarreal|napoli-2026-10-13,CL,2026-10-13T19:00:00Z,Villarreal,Napoli,1X2_A,Victoire Napoli,0.41643261502769036,2.88,2026-09-11T08:04:30.141Z,,,,,,
ub-leipzig|psveindhoven-2026-10-13:1X2_H:mise,ub-leipzig|psveindhoven-2026-10-13,CL,2026-10-13T19:00:00Z,RB Leipzig,PSV Eindhoven,1X2_H,Victoire RB Leipzig,0.4674098979468238,1.92,2026-09-11T08:04:30.141Z,,,,,,
ub-bodoglimt|borussiadortmund-2026-10-14:1X2_A:mise,ub-bodoglimt|borussiadortmund-2026-10-14,CL,2026-10-14T19:00:00Z,Bodø/Glimt,Borussia Dortmund,1X2_A,Victoire Borussia Dortmund,0.42056618295789194,2.07,2026-09-11T08:04:30.141Z,,,,,,
ub-feyenoord|como-2026-10-14:1X2_H:mise,ub-feyenoord|como-2026-10-14,CL,2026-10-14T16:45:00Z,Feyenoord,Como,1X2_H,Victoire Feyenoord,0.3792728469543312,3.35,2026-09-11T08:14:32.933Z,,,,,,
ub-shakhtardonetsk|aekathens-2026-10-14:1X2_H:mise,ub-shakhtardonetsk|aekathens-2026-10-14,CL,2026-10-14T19:00:00Z,Shakhtar Donetsk,AEK Athens,1X2_H,Victoire Shakhtar Donetsk,0.39756374284974244,2.43,2026-09-11T08:14:32.933Z,,,,,,
ub-astonvilla|fenerbahce-2026-10-14:1X2_H:mise,ub-astonvilla|fenerbahce-2026-10-14,CL,2026-10-14T19:00:00Z,Aston Villa,Fenerbahçe,1X2_H,Victoire Aston Villa,0.4408434052035264,1.72,2026-09-11T08:14:32.933Z,,,,,,
ub-freiburg|borussiamonchengladbach-2026-09-12:OU_25_U:mise,ub-freiburg|borussiamonchengladbach-2026-09-12,BL,2026-09-12T13:30:00Z,SC Freiburg,Borussia Mönchengladbach,OU_25_U,OU_25_U,0.45272605369731045,2.35,2026-09-11T10:35:02.329Z,2026-10-06T15:59:15.732Z,,,lose,5,0
ub-chelsea|hullcity-2026-09-12:BTTS_Y:mise,ub-chelsea|hullcity-2026-09-12,PL,2026-09-12T14:00:00Z,Chelsea,Hull City,BTTS_Y,BTTS_Y,0.5579824236593289,1.89,2026-09-11T18:46:51.453Z,2026-10-06T15:59:15.732Z,,,win,2,2
ub-liverpool|fulham-2026-09-12:OU_25_U:mise,ub-liverpool|fulham-2026-09-12,PL,2026-09-12T14:00:00Z,Liverpool,Fulham,OU_25_U,OU_25_U,0.40216986769207697,2.75,2026-09-11T20:46:34.229Z,2026-10-06T15:59:15.732Z,,,win,0,0
ub-1koln|werderbremen-2026-09-12:OU_25_U:mise,ub-1koln|werderbremen-2026-09-12,BL,2026-09-12T16:30:00Z,1. FC Köln,Werder Bremen,OU_25_U,OU_25_U,0.4502140518994836,2.43,2026-09-12T14:00:03.480Z,2026-10-06T15:59:15.732Z,,,,,
ub-celtavigo|malaga-2026-09-13:BTTS_Y:mise,ub-celtavigo|malaga-2026-09-13,LL,2026-09-13T12:00:00Z,Celta Vigo,Málaga,BTTS_Y,BTTS_Y,0.5535618650174188,1.97,2026-09-12T17:51:45.174Z,2026-10-06T15:59:15.733Z,,,,,
ub-leipzig|hamburgersv-2026-09-13:OU_25_U:mise,ub-leipzig|hamburgersv-2026-09-13,BL,2026-09-13T13:30:00Z,RB Leipzig,Hamburger SV,OU_25_U,OU_25_U,0.43128185142290576,2.88,2026-09-12T17:51:45.174Z,2026-10-06T15:59:15.733Z,,,,,
ub-lecce|monza-2026-09-13:OU_25_O:mise,ub-lecce|monza-2026-09-13,SA,2026-09-13T13:00:00Z,Lecce,Monza,OU_25_O,OU_25_O,0.5173560745249491,2.28,2026-09-12T17:51:46.417Z,2026-10-06T15:59:15.733Z,,,,,
ub-sabah|slaviaprague-2026-10-13:1X2_A:mise,ub-sabah|slaviaprague-2026-10-13,CL,2026-10-13T16:45:00Z,Sabah FK,Slavia Prague,1X2_A,Victoire Slavia Prague,0.3777786905283996,1.97,2026-09-12T18:09:53.470Z,,,,,,
ub-levante|barcelone-2026-09-13:OU_25_U:mise,ub-levante|barcelone-2026-09-13,LL,2026-09-13T14:15:00Z,Levante,FC Barcelone,OU_25_U,OU_25_U,0.40611400346916116,3.95,2026-09-12T18:49:52.039Z,2026-10-06T15:59:15.733Z,,,,,
ub-elversberg|bayernmunich-2026-09-13:OU_25_U:mise,ub-elversberg|bayernmunich-2026-09-13,BL,2026-09-13T15:30:00Z,Elversberg,Bayern Munich,OU_25_U,OU_25_U,0.3712120252303214,5.3,2026-09-12T18:49:52.039Z,2026-10-06T15:59:15.733Z,,,,,
ub-napoli|bologna-2026-09-13:OU_25_O:mise,ub-napoli|bologna-2026-09-13,SA,2026-09-13T16:00:00Z,Napoli,Bologna,OU_25_O,OU_25_O,0.5353248948259226,2.1,2026-09-12T18:49:52.039Z,2026-10-06T15:59:15.734Z,,,,,
ub-getafe|deportivoacoruna-2026-09-13:BTTS_Y:mise,ub-getafe|deportivoacoruna-2026-09-13,LL,2026-09-13T16:30:00Z,Getafe,Deportivo A Coruña,BTTS_Y,BTTS_Y,0.5390657638884919,2.43,2026-09-12T19:36:52.216Z,2026-10-06T15:59:15.734Z,,,,,
ub-brest|psg-2026-09-13:OU_25_U:mise,ub-brest|psg-2026-09-13,L1,2026-09-13T18:45:00Z,Brest,PSG,OU_25_U,OU_25_U,0.40633874137472525,2.95,2026-09-12T19:36:52.216Z,2026-10-06T15:59:15.734Z,,,,,
espn-401861138:BTTS_Y:mise,espn-401861138,NL,2026-10-06T18:45Z,Belarus,Finland,BTTS_Y,BTTS_Y,0.5542489701142181,2.08,2026-10-06T15:59:15.680Z,,,betgpt-roi5-canonical-1.0.0,,,
espn-401861137:OU_25_U:mise,espn-401861137,NL,2026-10-06T18:45Z,Croatia,Spain,OU_25_U,OU_25_U,0.42976712644992043,2.75,2026-10-06T15:59:15.680Z,,,betgpt-roi5-canonical-1.0.0,,,
espn-401861142:BTTS_Y:mise,espn-401861142,NL,2026-10-06T18:45Z,England,Czechia,BTTS_Y,BTTS_Y,0.5434459112918083,2.32,2026-10-06T15:59:15.680Z,,,betgpt-roi5-canonical-1.0.0,,,
espn-401861136:BTTS_Y:mise,espn-401861136,NL,2026-10-06T18:45Z,Estonia,Iceland,BTTS_Y,BTTS_Y,0.5586894276159001,1.96,2026-10-06T15:59:15.680Z,,,betgpt-roi5-canonical-1.0.0,,,
espn-401861141:BTTS_Y:mise,espn-401861141,NL,2026-10-06T18:45Z,Luxembourg,Bulgaria,BTTS_Y,BTTS_Y,0.551399740206879,2.05,2026-10-06T15:59:15.681Z,,,betgpt-roi5-canonical-1.0.0,,,
espn-401861143:BTTS_Y:mise,espn-401861143,NL,2026-10-06T18:45Z,Scotland,Slovenia,BTTS_Y,BTTS_Y,0.5470536845135128,2.2,2026-10-06T15:59:15.681Z,,,betgpt-roi5-canonical-1.0.0,,,
espn-401861139:BTTS_Y:mise,espn-401861139,NL,2026-10-06T18:45Z,Switzerland,North Macedonia,BTTS_Y,BTTS_Y,0.5272698712235281,3.15,2026-10-06T15:59:15.681Z,,,betgpt-roi5-canonical-1.0.0,,,
espn-401919990:BTTS_Y:mise,espn-401919990,NL,2026-10-06T19:00Z,Angola,Malawi,BTTS_Y,BTTS_Y,0.5372218922180818,2.65,2026-10-06T15:59:15.681Z,,,betgpt-roi5-canonical-1.0.0,,,
ub-borussiadortmund|werderbremen-2026-10-09:OU_25_U:mise,ub-borussiadortmund|werderbremen-2026-10-09,BL,2026-10-09T18:30:00Z,Borussia Dortmund,Werder Bremen,OU_25_U,OU_25_U,0.3989648529106963,3.05,2026-10-06T15:59:15.681Z,,,betgpt-roi5-canonical-1.0.0,,,
ub-astonvilla|brentford-2026-10-10:1X2_H:mise,ub-astonvilla|brentford-2026-10-10,PL,2026-10-10T14:00:00Z,Aston Villa,Brentford,1X2_H,Victoire Aston Villa,0.44845513470880827,2.6,2026-10-06T15:59:15.683Z,,,betgpt-roi5-canonical-1.0.0,,,
ub-levante|sevilla-2026-10-12:1X2_H:mise,ub-levante|sevilla-2026-10-12,LL,2026-10-12T19:00:00Z,Levante,Sevilla,1X2_H,Victoire Levante,0.5365830180209342,2.65,2026-10-06T15:59:15.686Z,,,betgpt-roi5-canonical-1.0.0,,,
ub-brentford|liverpool-2026-10-17:1X2_A:mise,ub-brentford|liverpool-2026-10-17,PL,2026-10-17T14:00:00Z,Brentford,Liverpool,1X2_A,Victoire Liverpool,0.5396418612294538,2.45,2026-10-06T15:59:15.691Z,,,betgpt-roi5-canonical-1.0.0,,,
ub-lens|lyon-2026-10-09:OU_25_U:mise,ub-lens|lyon-2026-10-09,L1,2026-10-09T18:45:00Z,Lens,Lyon,OU_25_U,OU_25_U,0.44153554718623655,2.48,2026-10-06T16:00:27.240Z,,,betgpt-roi5-canonical-1.0.0,,,
